stn_code,monitoring_location,water_body_type,state,year,safety_label,pollution_score,violated_params,temperature_avg,do_avg,ph_avg,conductivity_avg,bod_avg,nitrate_avg,fecal_coliform_avg,total_coliform_avg,fecal_streptococci_avg,latitude,longitude,geocode_query,geocoded
3558,Dadesugur Bridge Gauging Station,River,KARNATAKA,2016,Unsafe,5.271,Fecal Coliform,29.0,7.1,7.95,661.5,2.0,0.2,590.0,2050.0,,12.4235961,76.683307,"station, Karnataka, India",True
3562,Thumbe Water Supply Stations To Mangalore City,River,KARNATAKA,2016,Unsafe,7.2,Fecal Coliform,29.0,6.7,6.9,237.0,2.0,0.5,35004.0,139011.5,,13.0222347,77.5671832,"city, Karnataka, India",True
3563,U/S Of Upiingady Town,River,KARNATAKA,2016,Unsafe,2.608,Fecal Coliform,29.5,6.6,7.2,113.0,1.0,0.4,91.5,476.5,,13.1016788,77.5756532,"town, Karnataka, India",True
3566,Krs Dam Mandya,River,KARNATAKA,2016,Unsafe,4.426,Fecal Coliform,25.5,6.9,8.2,221.0,2.0,0.2,285.0,1200.0,,12.4241993,76.572052,"krs mandya, Karnataka, India",True
3567,D/S Shimsha Near Madduar Town,River,KARNATAKA,2016,Unsafe,8.196,"DO, BOD, Fecal Coliform",25.0,4.7,8.3,855.0,6.5,0.7,1420.0,5250.0,,13.1016788,77.5756532,"town, Karnataka, India",True
3568,Water Supply Intake Point To Srirangapatna Town,River,KARNATAKA,2016,Unsafe,4.333,Fecal Coliform,24.5,6.85,7.8,253.0,1.9,0.25,265.0,1165.0,,13.1016788,77.5756532,"town, Karnataka, India",True
3569,Water Supply Intake Point To Mandya Town,River,KARNATAKA,2016,Unsafe,4.609,Fecal Coliform,25.5,6.65,8.3,252.0,1.95,0.45,330.0,1515.0,,13.1016788,77.5756532,"town, Karnataka, India",True
3570,D/S Of Kr Nagar Bridge,River,KARNATAKA,2016,Unsafe,5.224,"BOD, Fecal Coliform",26.0,6.3,8.0,444.0,2.3,0.45,492.5,1910.0,,12.9549835,77.6532944,"kr nagar, Karnataka, India",True
3571,U/S Of Kr Nagar,River,KARNATAKA,2016,Unsafe,4.954,Fecal Coliform,26.0,6.6,8.2,254.0,2.0,0.45,442.5,1290.0,,12.9549835,77.6532944,"kr nagar, Karnataka, India",True
3572,Water Supply Intake Point To Hunsur Town,River,KARNATAKA,2016,Unsafe,4.382,"BOD, Fecal Coliform",26.0,6.6,7.85,346.0,2.05,0.4,270.0,1200.0,,13.1016788,77.5756532,"town, Karnataka, India",True
3573,D/S Of Kushalanagar Town,River,KARNATAKA,2016,Unsafe,5.013,Fecal Coliform,26.0,7.35,7.7,193.0,1.4,0.2,466.0,1330.0,,12.4585525,75.961437,"kushalanagar town, Karnataka, India",True
3574,Water Supply Intake Point To Madikeri Town,River,KARNATAKA,2016,Unsafe,2.51,Fecal Coliform,26.5,7.1,7.7,69.0,1.25,0.3,87.5,330.0,,13.1016788,77.5756532,"town, Karnataka, India",True
3575,U/S Intake Point To Nanjanagud & Gundlupet At Debur,River,KARNATAKA,2016,Unsafe,4.558,"DO, Fecal Coliform",27.5,5.95,8.15,181.0,1.75,0.25,315.0,1245.0,,,,"to nanjanagud & gundlupet debur, Karnataka, India",False
3576,Water Supply Intake Point To Mysore Pump House,River,KARNATAKA,2016,Unsafe,4.426,Fecal Coliform,27.0,7.0,8.15,240.0,1.7,0.45,285.0,1270.0,,12.9630135,77.7177141,"house, Karnataka, India",True
3577,Water Supply Intake Point To T Narasipura,River,KARNATAKA,2016,Unsafe,5.428,Fecal Coliform,26.5,6.5,7.65,320.0,1.75,0.45,685.0,2300.0,,12.2134628,76.9027763,"to t narasipura, Karnataka, India",True
3578,D/S Of Cauvery Maddur Water Supply Treatment Plant At Bachalli,River,KARNATAKA,2016,Unsafe,4.224,"BOD, Fecal Coliform",24.5,7.0,8.35,315.0,2.1,0.4,235.0,1070.0,,12.6720777,75.7562095,"bachalli, Karnataka, India",True
3579,Water Supply Intake Point At Kollegala Dasanapura,River,KARNATAKA,2016,Unsafe,5.165,Fecal Coliform,27.5,6.85,7.95,324.0,2.0,0.45,535.0,1620.0,,12.7467724,77.7742876,"dasanapura, Karnataka, India",True
3580,Water Supply Intake Point At Madduar,River,KARNATAKA,2016,Unsafe,4.998,Fecal Coliform,24.5,6.45,8.3,320.0,2.0,0.7,460.0,2065.0,,,,"madduar, Karnataka, India",False
3581,Water Supply Intake Point At T K Halli,River,KARNATAKA,2016,Unsafe,5.255,"BOD, Fecal Coliform",25.0,6.65,8.25,320.0,2.1,0.35,555.0,1570.0,,14.4451753,75.9186182,"t k halli, Karnataka, India",True
1444,Kali D/S West Coast Paper Mill,River,KARNATAKA,2016,Unsafe,4.266,"DO, BOD, Fecal Coliform",29.5,5.4,7.25,119.0,2.65,0.5,188.0,929.0,,13.102259,77.5769737,"mill, Karnataka, India",True
2780,"Kali U/S Of Wcpm, Dandeli",River,KARNATAKA,2016,Unsafe,4.017,"BOD, Fecal Coliform",29.0,6.05,7.35,103.5,2.35,0.45,185.5,922.5,,15.2490284,74.6236037,"dandeli, Karnataka, India",True
1182,Krishna U/S Of Ugarkhurd Barrage,River,KARNATAKA,2016,Unsafe,5.624,"BOD, Fecal Coliform",26.5,7.45,7.65,883.0,3.0,6.7,515.0,4585.0,,,,,False
1889,Krishna - Ankali Bridge Along Chikkodi Kagwad Road,River,KARNATAKA,2016,Unsafe,5.818,"BOD, Fecal Coliform",26.0,7.55,7.6,810.1,3.15,3.05,575.0,885.0,,16.6960786,74.7187223,"kagwad, Karnataka, India",True
1181,Krishna D/S Of Narayanpura Dam,River,KARNATAKA,2016,Unsafe,4.993,Fecal Coliform,32.5,7.35,7.95,665.0,1.9,1.7,458.0,915.5,,15.4559068,74.9922057,"krishna narayanpura, Karnataka, India",True
1028,Krishna At Tintini Bridge,River,KARNATAKA,2016,Unsafe,4.997,"BOD, Fecal Coliform",27.5,7.1,8.3,633.5,2.5,0.15,370.0,1850.0,,,,,False
1170,Krishnad/S Of Devasagar Bdg.,River,KARNATAKA,2016,Unsafe,5.609,"BOD, Fecal Coliform",29.5,7.6,7.8,995.0,2.75,0.15,570.0,1250.0,,,,,False
2781,Krishna D/S Of Alamatti Dam,River,KARNATAKA,2016,Unsafe,4.993,Fecal Coliform,32.5,7.5,7.95,1080.0,1.7,1.45,458.0,911.0,,16.3451718,75.8923516,"alamatti, Karnataka, India",True
1183,Bhima D/S Of Road Bridge At Gangapur Village,River,KARNATAKA,2016,Unsafe,4.289,"BOD, Fecal Coliform",28.5,6.4,8.45,548.0,3.05,0.0,167.0,240.0,,12.9422696,77.6253883,"village, Karnataka, India",True
1184,Bhima D/S Ferozabad Village,River,KARNATAKA,2016,Unsafe,7.514,"BOD, Fecal Coliform",28.5,6.45,8.2,577.5,4.2,0.0,116.5,120.0,,12.9422696,77.6253883,"village, Karnataka, India",True
1888,Bhima At Confluence Of Jewargi Town Sewage Disposal Point,River,KARNATAKA,2016,Unsafe,5.769,"BOD, Fecal Coliform",29.0,6.35,8.25,574.0,3.4,0.0,490.0,885.0,,13.3067379,77.6125389,"disposal, Karnataka, India",True
1167,Bhima D/S Of Bdg. Near Yadgir,River,KARNATAKA,2016,Unsafe,5.921,"BOD, Fecal Coliform",30.0,7.15,8.1,1042.5,2.5,0.15,870.0,4450.0,,16.5744123,76.9254434,"yadgir, Karnataka, India",True
1185,Ghatprabha D/S Of Mudhol Rd. Cross Bdg,River,KARNATAKA,2016,Unsafe,7.935,"BOD, Fecal Coliform",29.5,6.55,7.9,790.0,17.8,1.95,820.0,1000.0,,12.9529035,77.5158003,"cross, Karnataka, India",True
1163,Ghatprabha At W.A. Point To Gokak Town,River,KARNATAKA,2016,Unsafe,7.861,"BOD, Fecal Coliform",26.5,6.7,7.2,835.0,130.1,1.25,535.0,910.0,,13.1016788,77.5756532,"town, Karnataka, India",True
1187,Malprabha D/S Of Khanapur Village,River,KARNATAKA,2016,Unsafe,7.854,"BOD, Fecal Coliform",26.5,7.65,7.6,365.0,8.65,0.65,515.0,925.0,,12.9422696,77.6253883,"village, Karnataka, India",True
1164,"Malprabha At Water Abstr. Pt. To Hubli, Dharwar",River,KARNATAKA,2016,Unsafe,5.693,Fecal Coliform,31.0,8.7,7.95,390.0,1.55,1.0,890.0,1165.0,,15.4540505,75.0066516,"dharwar, Karnataka, India",True
1186,Malprabha D/S Of Aihole Town,River,KARNATAKA,2016,Unsafe,7.856,"BOD, Fecal Coliform",28.0,7.4,7.75,850.0,4.5,1.4,520.0,940.0,,13.1016788,77.5756532,"town, Karnataka, India",True
2764,Malprabha At Badami Bridge,River,KARNATAKA,2016,Unsafe,7.908,"BOD, Fecal Coliform",27.0,7.6,7.6,1085.0,4.05,1.25,700.0,1250.0,,15.9203874,75.6807865,"badami, Karnataka, India",True
38,Tunghabhadra At Honnali Bridge,River,KARNATAKA,2016,Unsafe,5.634,"BOD, Fecal Coliform",27.5,6.8,7.55,255.0,3.0,0.2,520.0,1375.0,,14.2389785,75.6457434,"honnali, Karnataka, India",True
1029,Tunghabhadra At Haralahalli Bridge,River,KARNATAKA,2016,Unsafe,6.683,"BOD, Fecal Coliform",18.65,7.25,7.7,354.0,3.65,0.3,700.0,1550.0,,13.0236469,76.0551085,"haralahalli, Karnataka, India",True
29,Tunghabhadra At Ullanur,River,KARNATAKA,2016,Unsafe,5.876,"BOD, Fecal Coliform",29.5,7.45,7.9,901.0,2.3,0.2,920.0,1250.0,,,,,False
2766,Tungabhadra At New Bridge,River,KARNATAKA,2016,Unsafe,5.244,"BOD, Fecal Coliform",27.5,7.3,7.5,316.5,2.35,0.2,490.0,920.0,,15.9648343,77.366508,"tungabhadra, Karnataka, India",True
2767,Tungabhadra U/S Of Hpf,River,KARNATAKA,2016,Unsafe,5.686,"BOD, Fecal Coliform",27.5,7.2,7.55,281.0,2.5,0.2,690.0,1215.0,,15.9648343,77.366508,"tungabhadra, Karnataka, India",True
2768,Tungabhadra D/S Of Hpf,River,KARNATAKA,2016,Unsafe,8.009,"BOD, Fecal Coliform",29.0,6.05,7.4,959.0,11.5,0.7,1300.0,2850.0,,15.9648343,77.366508,"tungabhadra, Karnataka, India",True
2769,Tungabhadra At Jackwell Point,River,KARNATAKA,2016,Unsafe,8.061,"DO, BOD, Fecal Coliform",29.0,5.9,7.5,471.0,5.9,0.5,1670.0,5300.0,,15.9648343,77.366508,"tungabhadra, Karnataka, India",True
2770,Tungabhadra At Harihar Water Supply Intake,River,KARNATAKA,2016,Unsafe,8.2,"BOD, Fecal Coliform",28.5,7.2,7.65,500.0,5.5,0.5,5400.0,16850.0,,14.5116874,75.809288,"harihar, Karnataka, India",True
1168,Tungha D/S Of Shimoga Town,River,KARNATAKA,2016,Unsafe,8.025,"BOD, Fecal Coliform",28.5,6.75,7.65,280.0,3.65,0.25,45650.0,81400.0,,13.1016788,77.5756532,"town, Karnataka, India",True
1895,Kagina D/S Of Sewage Disposal Point,River,KARNATAKA,2016,Unsafe,5.558,"BOD, Fecal Coliform",27.0,6.45,8.1,468.0,3.15,0.0,454.0,813.5,,13.3067379,77.6125389,"disposal, Karnataka, India",True
1896,Confluence Point Of Tunga And Bhadra At Kudli,River,KARNATAKA,2016,Unsafe,6.926,"BOD, Fecal Coliform",27.5,7.1,7.75,214.5,3.1,0.2,1850.0,18200.0,,18.1124192,77.3351885,"kudli, Karnataka, India",True
1091,Bhadra D/S Malleswaram Of Kiocl,River,KARNATAKA,2016,Unsafe,4.954,"DO, Fecal Coliform",23.0,5.655,7.6,430.0,1.5,0.3,425.0,1650.0,,13.2097914,75.2503201,"kiocl, Karnataka, India",True
1387,Bhadra D/S Of Bhadravathi,River,KARNATAKA,2016,Unsafe,8.149,"BOD, Fecal Coliform",28.5,6.25,7.4,231.5,5.25,0.2,3400.0,10100.0,,13.8363715,75.6447514,"bhadra bhadravathi, Karnataka, India",True
1169,"Bhadra D/S Of Kiocl Road Bridge, Near Holehunnur",River,KARNATAKA,2016,Unsafe,8.136,"BOD, Fecal Coliform",28.5,6.6,7.45,236.0,4.0,0.2,3100.0,6950.0,,,,,False
2765,"Bhadra U/S Of Mpm,",River,KARNATAKA,2016,Unsafe,4.235,"BOD, Fecal Coliform",27.0,6.95,7.6,199.0,2.5,0.15,205.0,590.0,,13.4893942,75.5273902,"bhadra, Karnataka, India",True
2771,Bhadra U/S Of Kiocl,River,KARNATAKA,2016,Unsafe,4.524,"DO, Fecal Coliform",22.0,5.75,7.55,345.0,1.5,0.15,300.0,1310.0,,13.2097914,75.2503201,"kiocl, Karnataka, India",True
2777,Kagina At Shahabad Bridge,River,KARNATAKA,2016,Unsafe,6.203,"BOD, Fecal Coliform",27.5,6.45,8.15,471.0,3.2,0.0,813.5,817.5,,17.220367,77.3708457,"kagina shahabad, Karnataka, India",True
2763,Asangi Nalla At Asangi Village,River,KARNATAKA,2016,Unsafe,7.85,"BOD, Fecal Coliform",31.0,7.05,7.8,1190.0,17.3,0.8,505.0,870.0,,12.9422696,77.6253883,"village, Karnataka, India",True
2776,Tungabhadra D/S Of Gangawathi,River,KARNATAKA,2016,Unsafe,5.679,"BOD, Fecal Coliform",29.5,7.0,7.95,668.0,2.4,0.15,720.0,3650.0,,,,,False
1198,Cauvery D/S Napokulu Bdg,River,KARNATAKA,2016,Unsafe,4.277,Fecal Coliform,26.0,6.85,7.7,124.0,1.35,0.2,254.0,335.5,,,,,False
1195,Cauvery U/Skushal Nagar (Near Baichanahalli),River,KARNATAKA,2016,Unsafe,4.853,Fecal Coliform,26.5,7.35,7.65,234.0,1.7,0.25,405.0,1320.0,,12.4540512,75.9538266,"baichanahalli, Karnataka, India",True
33,"Cauvery At Krs Dam, Balamurikshetra",River,KARNATAKA,2016,Unsafe,4.763,Fecal Coliform,25.5,6.5,8.25,219.0,1.95,0.25,375.0,1165.0,,,,,False
34,Cauvery At Sathyagalam Bridge,River,KARNATAKA,2016,Unsafe,5.522,"BOD, Fecal Coliform",28.0,6.75,8.15,340.0,2.1,0.55,715.0,2170.0,,,,,False
1171,"Cauveryd/S Sri Rangapattanna, Of Road Bdg",River,KARNATAKA,2016,Unsafe,6.771,"DO, BOD, Fecal Coliform",26.0,5.6,8.05,266.0,3.0,0.25,1550.0,4700.0,,,,,False
1386,Cauvery D/S Of Karekuara Village,River,KARNATAKA,2016,Unsafe,5.205,Fecal Coliform,25.5,6.8,8.2,232.0,1.85,0.25,555.0,950.0,,12.9422696,77.6253883,"village, Karnataka, India",True
2773,Cauvery At Bannur Bridge,River,KARNATAKA,2016,Unsafe,6.17,"BOD, Fecal Coliform",26.0,6.35,7.9,323.0,2.2,0.9,1320.0,1890.0,,12.3053048,76.6959064,"cauvery bannur, Karnataka, India",True
2774,Cauvery At Ranganathittu,River,KARNATAKA,2016,Unsafe,6.042,"BOD, Fecal Coliform",24.5,6.95,8.15,275.0,2.05,0.25,1246.0,1645.0,,12.4280703,76.653645,"ranganathittu, Karnataka, India",True
1892,Netravathi U/S Of Dharmastala At Water Supply Intake Point,Canal,KARNATAKA,2016,Unsafe,2.007,Fecal Coliform,30.0,6.45,7.25,107.0,1.0,1.15,71.5,191.0,,12.9519571,75.3813122,"dharmastala, Karnataka, India",True
1893,Yagachi Near Pumping Station. Hassan City,Canal,KARNATAKA,2016,Unsafe,6.195,"BOD, Fecal Coliform",28.5,6.15,8.0,605.0,2.5,0.15,1155.0,3250.0,,13.0222347,77.5671832,"city, Karnataka, India",True
1199,Hemavati D/S Of Holenarasipura Town At Ramadevala Weir,Canal,KARNATAKA,2016,Unsafe,5.243,Fecal Coliform,28.5,7.95,7.75,240.0,1.5,0.1,575.0,1950.0,,13.4143895,74.7645804,"weir, Karnataka, India",True
1200,"Shimsha D/S Of Highway Bridge, Yediyar",Canal,KARNATAKA,2016,Unsafe,7.7,"BOD, Fecal Coliform",31.0,7.4,7.65,333.5,3.0,1.1,54730.0,173045.0,,,,,False
1166,"Shimsha D/S Of Bridge, Halagur",Canal,KARNATAKA,2016,Unsafe,8.204,"DO, BOD, Fecal Coliform",25.5,4.25,8.35,752.0,4.4,0.6,1015.0,4600.0,,,,,False
1165,Arkavathi D/S Of Kanakapura Town,Canal,KARNATAKA,2016,Unsafe,8.674,"DO, BOD, Nitrate, Fecal Coliform",30.5,2.6,7.6,1351.0,10.0,10.35,1000000.0,5000000.0,,13.1016788,77.5756532,"town, Karnataka, India",True
2778,Arkavathi At T.G. Halli Reservoir,Canal,KARNATAKA,2016,Unsafe,8.287,"DO, BOD, Fecal Coliform",25.0,5.35,7.75,1200.0,6.5,7.5,384700.0,893750.0,,12.9392713,77.5722595,"reservoir, Karnataka, India",True
1196,Lakshmantirtha D/S Of Hunsur Town,Canal,KARNATAKA,2016,Unsafe,8.347,"DO, BOD, Fecal Coliform",26.0,3.6,7.85,692.0,6.0,1.3,1460.0,5050.0,,13.1016788,77.5756532,"town, Karnataka, India",True
2772,Lakshmantirtha D/S Of Kattemalavadi,Canal,KARNATAKA,2016,Unsafe,6.879,"BOD, Fecal Coliform",27.0,6.0,8.15,486.0,3.05,0.6,1805.0,2465.0,,12.3518289,76.2890432,"kattemalavadi, Karnataka, India",True
1197,Kabbani D/S Saragur Village,Canal,KARNATAKA,2016,Unsafe,4.673,"BOD, Fecal Coliform",25.0,6.25,7.75,316.0,2.45,0.35,290.0,1270.0,,12.9422696,77.6253883,"village, Karnataka, India",True
41,Kabbani At Cause Way Sattur,Canal,KARNATAKA,2016,Safe,0.0,,27.0,,7.1,120.0,1.0,0.25,31.0,56.0,,15.4105056,75.0456504,"sattur, Karnataka, India",True
1445,Kabbani At Water Intake Of Kiadb At Nanjangud,Canal,KARNATAKA,2016,Unsafe,5.687,Fecal Coliform,25.5,6.3,8.2,173.0,2.0,0.25,885.0,1240.0,,12.1220681,76.6843409,"nanjangud, Karnataka, India",True
2775,"Kabini At Bathing Ghat, Nanjanagud",Canal,KARNATAKA,2016,Unsafe,7.828,"DO, BOD, Fecal Coliform",26.0,5.7,7.8,205.0,3.85,0.3,3280.0,4800.0,,,,,False
1182,"Krishna At U/S Of Ugarkhurd Barrage,",River,KARNATAKA,2017,Unsafe,5.289,Fecal Coliform,27.0,6.25,7.425,700.0,1.5,3.26,600.0,1050.0,,,,,False
1889,Krishna Ankali Bridge Along Chikkodi Kagwad Road,River,KARNATAKA,2017,Unsafe,5.289,Fecal Coliform,27.5,6.55,7.6,665.0,1.75,2.3,600.0,1250.0,,16.6960786,74.7187223,"kagwad, Karnataka, India",True
1181,"Krishna At D/S Of Narayanpura Dam,",River,KARNATAKA,2017,Unsafe,5.156,"Nitrate, Fecal Coliform",32.0,8.85,7.74,1140.0,1.71,10.89,505.0,920.0,,15.4559068,74.9922057,"krishna narayanpura, Karnataka, India",True
1170,Krishna At D/S Of Devasagar Bdg.,River,KARNATAKA,2017,Unsafe,6.15,Fecal Coliform,28.5,7.1,7.975,889.0,,0.255,1020.0,2050.0,,,,,False
1028,"Krishna At Tintini Bridge,",River,KARNATAKA,2017,Unsafe,5.505,Fecal Coliform,28.0,7.1,7.975,648.0,,0.29,560.0,1350.0,,,,,False
2781,"Krishna At D/S Of Alamatti Dam,",River,KARNATAKA,2017,Unsafe,5.21,"Nitrate, Fecal Coliform",32.0,9.2,7.9,850.0,1.5,12.35,490.0,1155.0,,16.3451718,75.8923516,"alamatti, Karnataka, India",True
1183,"Bhima At D/S Of Road Bridge At Gangapur Village,",River,KARNATAKA,2017,Unsafe,5.684,Fecal Coliform,28.0,6.75,8.38,555.5,1.9,,750.0,2400.0,,12.9422696,77.6253883,"village, Karnataka, India",True
1184,"Bhima At Ferozabad Village (D/S),",River,KARNATAKA,2017,Unsafe,4.837,"BOD, Fecal Coliform",28.0,6.9,8.39,574.5,2.4,,295.0,1250.0,,12.9422696,77.6253883,"village, Karnataka, India",True
1167,"Bhima At D/S Of Bdg. Near Yadgir,",River,KARNATAKA,2017,Unsafe,8.401,"BOD, Fecal Coliform",31.5,7.15,8.095,761.0,4.11,,1600.0,3720.0,,16.5744123,76.9254434,"yadgir, Karnataka, India",True
1888,Bhima River At Confluence Of Jewargi Town Sewage Disposal Point,River,KARNATAKA,2017,Unsafe,4.886,Fecal Coliform,29.0,6.75,8.45,569.5,1.4,,370.0,1250.0,,13.3067379,77.6125389,"disposal, Karnataka, India",True
1185,Ghatprabha At D/S Of Mudhol Rd. Cross Bdg.,River,KARNATAKA,2017,Unsafe,5.289,Fecal Coliform,28.0,7.75,7.995,880.0,1.5,2.94,600.0,1050.0,,12.9529035,77.5158003,"cross, Karnataka, India",True
1163,"Ghatprabha At W.A. Point To Gokak Town,",River,KARNATAKA,2017,Unsafe,5.034,Fecal Coliform,30.5,7.35,7.46,440.0,0.84,1.56,475.0,835.0,,13.1016788,77.5756532,"town, Karnataka, India",True
1187,"Malprabha At D/S Of Khanapur Village,",River,KARNATAKA,2017,Unsafe,5.961,"BOD, Fecal Coliform",26.5,7.95,7.39,240.0,2.04,1.1,1150.0,2400.0,,12.9422696,77.6253883,"village, Karnataka, India",True
1164,"Malprabha At Water Abstr. Pt. To Hubli, Dharwar,",River,KARNATAKA,2017,Unsafe,5.102,Fecal Coliform,31.5,8.25,7.705,300.0,1.2,0.78,505.0,870.0,,15.4540505,75.0066516,"dharwar, Karnataka, India",True
1186,"Malprabha At D/S Of Aihole Town,",River,KARNATAKA,2017,Unsafe,5.195,Fecal Coliform,28.0,8.0,7.625,790.0,1.6,1.51,550.0,1685.0,,13.1016788,77.5756532,"town, Karnataka, India",True
2764,"Malprabha At Badami Bridge,",River,KARNATAKA,2017,Unsafe,5.205,Fecal Coliform,27.0,8.3,7.65,785.0,1.7,1.4,555.0,1656.0,,15.9203874,75.6807865,"badami, Karnataka, India",True
1029,"Tungabhadra At Haralahalli Bridge,",River,KARNATAKA,2017,Unsafe,5.855,"BOD, Fecal Coliform",27.0,7.35,7.875,341.0,2.5,0.95,815.0,2000.0,,13.0236469,76.0551085,"haralahalli, Karnataka, India",True
29,Tungabhadra At Ullanur,River,KARNATAKA,2017,Unsafe,5.817,Fecal Coliform,24.0,7.1,7.7,334.0,0.0,0.215,1010.0,2050.0,,,,,False
2767,"Tungabhadra At U/S Of Hpf,",River,KARNATAKA,2017,Unsafe,5.726,Fecal Coliform,26.0,7.2,7.8,229.0,2.0,0.7,920.0,1925.0,,15.9648343,77.366508,"tungabhadra, Karnataka, India",True
2768,"Tungabhadra At D/S Of Hpf,",River,KARNATAKA,2017,Unsafe,8.1,"DO, BOD, Fecal Coliform",28.0,5.75,7.65,1490.0,9.3,0.7,1900.0,3350.0,,15.9648343,77.366508,"tungabhadra, Karnataka, India",True
2769,"Tungabhadra At Jackwell Point,",River,KARNATAKA,2017,Unsafe,8.059,"DO, BOD, Fecal Coliform",28.0,5.75,7.55,1432.0,7.25,0.65,1450.0,3350.0,,15.9648343,77.366508,"tungabhadra, Karnataka, India",True
2770,"Tungabhadra At Harihar Water Supply Intake,",River,KARNATAKA,2017,Unsafe,8.2,"BOD, Fecal Coliform",26.5,6.7,7.75,240.0,4.5,0.9,48000.0,87000.0,,14.5116874,75.809288,"harihar, Karnataka, India",True
2776,"Tungabhadra At D/S Of Gangawathi,",River,KARNATAKA,2017,Unsafe,5.306,Fecal Coliform,27.0,7.1,7.65,436.0,1.0,0.25,610.0,2050.0,,,,,False
2766,"Tungabhadra At New Bridge,",River,KARNATAKA,2017,Unsafe,5.389,Fecal Coliform,26.5,7.3,7.85,225.0,2.0,0.7,660.0,2000.0,,15.9648343,77.366508,"tungabhadra, Karnataka, India",True
2766,Tungabhadra At Honnali Bridge,River,KARNATAKA,2017,Unsafe,6.647,"BOD, Fecal Coliform",26.5,7.25,7.7,190.0,2.9,0.75,1515.0,4750.0,,14.2389785,75.6457434,"honnali, Karnataka, India",True
1168,"Tunga At D/S Of Shimoga Town,",River,KARNATAKA,2017,Unsafe,7.725,"BOD, Fecal Coliform",25.5,7.0,7.87,207.5,3.05,0.73,50700.0,91750.0,,13.1016788,77.5756532,"town, Karnataka, India",True
1896,Tungabhadra At Confluence Point Of Tunga And Bhadra At Kudli,River,KARNATAKA,2017,Unsafe,7.7,"BOD, Fecal Coliform",27.0,7.0,7.7,145.5,3.0,0.75,8850.0,18350.0,,18.1124192,77.3351885,"kudli, Karnataka, India",True
1091,Bhadra At Malleswaram D/S Of Kiocl,River,KARNATAKA,2017,Unsafe,4.115,"DO, Fecal Coliform",23.5,5.67,7.45,159.0,1.5,0.35,218.0,1025.0,,13.2097914,75.2503201,"kiocl, Karnataka, India",True
1387,"Bhadra At D/S Of Bhadravathi,",River,KARNATAKA,2017,Unsafe,8.1,"BOD, Fecal Coliform",26.0,6.7,7.55,225.0,3.8,1.05,52500.0,94500.0,,13.8363715,75.6447514,"bhadra bhadravathi, Karnataka, India",True
1169,"Bhadra At D/S Of Kiocl Road Bridge, Near Holehunnur,",River,KARNATAKA,2017,Unsafe,7.75,"BOD, Fecal Coliform",26.0,7.3,7.57,225.0,3.1,0.575,15450.0,46100.0,,,,,False
2765,"Bhadra At U/S Of Mpm,",River,KARNATAKA,2017,Unsafe,5.172,"BOD, Fecal Coliform",26.0,7.1,7.7,164.0,2.5,0.35,430.0,920.0,,13.4893942,75.5273902,"bhadra, Karnataka, India",True
2771,"Bhadra At U/S Of Kiocl,",River,KARNATAKA,2017,Unsafe,3.763,"DO, Fecal Coliform",23.0,5.75,7.35,132.0,1.35,0.15,172.0,975.0,,13.2097914,75.2503201,"kiocl, Karnataka, India",True
2777,Kagina D/S Of Sewage Disposal Point,River,KARNATAKA,2017,Unsafe,5.553,"BOD, Fecal Coliform",27.0,7.0,8.3,466.5,2.4,,535.0,1050.0,,13.3067379,77.6125389,"disposal, Karnataka, India",True
2777,"Kagina At Shahabad Bridge,",River,KARNATAKA,2017,Unsafe,8.203,"BOD, Fecal Coliform",27.5,6.35,8.3,453.0,4.85,,570.0,1250.0,,17.220367,77.3708457,"kagina shahabad, Karnataka, India",True
2763,"Asangi Nalla At Asangi Village,",River,KARNATAKA,2017,Unsafe,4.552,Fecal Coliform,28.5,7.65,7.6,840.0,1.7,1.5,315.0,910.0,,12.9422696,77.6253883,"village, Karnataka, India",True
1198,"Cauvery At Napokulu Bdg (D/S),",River,KARNATAKA,2017,Unsafe,6.987,"BOD, Fecal Coliform",24.0,6.85,7.6,73.0,3.85,0.35,115.5,510.0,,,,,False
1195,"Cauvery At Kushal Nagar U/S (Near Baichanahalli),",River,KARNATAKA,2017,Unsafe,3.907,Fecal Coliform,25.5,6.75,7.65,94.0,1.9,0.1,194.0,915.0,,12.4540512,75.9538266,"baichanahalli, Karnataka, India",True
33,"Cauvery At Krs Dam, Balamurikshetra",River,KARNATAKA,2017,Unsafe,4.532,Fecal Coliform,25.5,6.15,7.8,214.0,2.0,0.22,310.0,1290.0,,,,"cauvery krs balamurikshetra, Karnataka, India",False
1386,"Cauvery At D/S Of Karekuara Village,",River,KARNATAKA,2017,Unsafe,3.989,Fecal Coliform,25.5,6.9,7.9,233.0,1.75,0.35,205.5,1170.0,,12.9422696,77.6253883,"village, Karnataka, India",True
1171,"Cauvery At Sri Rangapattanna, D/S Of Road Bdg.,",River,KARNATAKA,2017,Unsafe,5.392,"DO, BOD, Fecal Coliform",26.5,5.8,7.7,234.0,2.4,0.075,535.0,2345.0,,,,,False
34,Cauvery At Sathyagalam Bridge,River,KARNATAKA,2017,Unsafe,4.532,"BOD, Fecal Coliform",27.0,6.35,7.8,268.0,2.04,0.11,305.0,1065.0,,,,"cauvery sathyagalam, Karnataka, India",False
2773,"Cauvery At Bannur Bridge,",River,KARNATAKA,2017,Unsafe,4.305,"BOD, Fecal Coliform",28.0,6.2,7.75,304.0,2.15,0.2,245.0,1400.0,,12.3053048,76.6959064,"cauvery bannur, Karnataka, India",True
2774,"Cauvery At Ranganathittu,",River,KARNATAKA,2017,Unsafe,5.003,"BOD, Fecal Coliform",24.5,6.05,7.75,467.0,2.3,0.25,405.0,1950.0,,12.4280703,76.653645,"ranganathittu, Karnataka, India",True
3576,Cauvery At Krs Dam Mandya,River,KARNATAKA,2017,Unsafe,4.316,Fecal Coliform,22.0,6.45,7.7,428.0,2.0,0.25,261.5,1170.0,,12.6368939,76.7275477,"mandya, Karnataka, India",True
3578,Cauvery At Water Supply Intake Point To Srirangapatna Town,River,KARNATAKA,2017,Unsafe,4.426,Fecal Coliform,24.5,6.35,7.85,227.0,2.0,0.15,285.0,1320.0,,13.1016788,77.5756532,"town, Karnataka, India",True
3579,Cauvery At Water Supply Intake Point To Mandya Town,River,KARNATAKA,2017,Unsafe,4.357,Fecal Coliform,25.0,6.55,7.85,235.0,1.95,0.15,270.0,1320.0,,13.1016788,77.5756532,"town, Karnataka, India",True
3581,Cauvery D/S Of Kr Nagar Bridge,River,KARNATAKA,2017,Unsafe,4.454,"BOD, Fecal Coliform",26.0,6.3,7.75,206.0,2.1,0.15,280.0,1400.0,,12.9730088,77.5804711,"nagar, Karnataka, India",True
1322,Cauvery U/S Of Kr Nagar,River,KARNATAKA,2017,Unsafe,4.526,"BOD, Fecal Coliform",26.0,6.1,7.65,230.0,2.2,0.2,285.0,1650.0,,12.9730088,77.5804711,"nagar, Karnataka, India",True
51,Cauvery D/S Of Kushalanagar Town,River,KARNATAKA,2017,Unsafe,3.996,Fecal Coliform,25.0,6.9,7.6,102.0,1.65,0.1,206.5,895.0,,13.1016788,77.5756532,"town, Karnataka, India",True
1320,Cauvery At Water Supply Intake Point To Madikeri Town,River,KARNATAKA,2017,Unsafe,2.136,Fecal Coliform,24.0,7.05,7.5,62.0,1.6,0.1,75.0,305.0,,13.1016788,77.5756532,"town, Karnataka, India",True
1323,Cauvery At Water Supply Intake Point To Mysore Pump House,River,KARNATAKA,2017,Unsafe,4.426,Fecal Coliform,23.0,6.95,7.75,242.0,1.6,0.15,285.0,1505.0,,12.9630135,77.7177141,"house, Karnataka, India",True
3015,Cauvery D/S Of Maddur Water Supply Treatment Plant At Bachalli,River,KARNATAKA,2017,Unsafe,4.283,Fecal Coliform,25.5,6.6,7.9,397.0,1.95,0.3,255.0,1220.0,,12.6720777,75.7562095,"bachalli, Karnataka, India",True
1324,Cauvery At Water Supply Intake Point At Kollegala Dasanapura,River,KARNATAKA,2017,Unsafe,4.506,"BOD, Fecal Coliform",26.0,6.2,7.75,272.0,2.25,0.15,275.0,1650.0,,12.7467724,77.7742876,"dasanapura, Karnataka, India",True
1451,Cauvery At Water Supply Intake Point At T K Halli,River,KARNATAKA,2017,Unsafe,4.404,Fecal Coliform,24.5,6.0,8.05,397.0,2.0,0.25,280.0,1600.0,,17.8401056,76.8684901,"halli, Karnataka, India",True
1199,Hemavati At D/S Of Holenarasipura Town At Ramadevala Weir,Canal,KARNATAKA,2017,Unsafe,4.059,Fecal Coliform,26.0,6.05,7.75,236.5,1.5,0.15,216.0,1750.0,,13.4143895,74.7645804,"weir, Karnataka, India",True
1200,"Shimsha At D/S Of Highway Bridge, Yediyar,",Canal,KARNATAKA,2017,Unsafe,6.859,"BOD, Fecal Coliform",25.5,6.0,7.2,205.0,3.0,0.8,1815.0,7605.0,,,,,False
1166,"Shimsha At D/S Of Bridge, Halagur,",Canal,KARNATAKA,2017,Unsafe,5.489,"DO, BOD, Fecal Coliform",23.0,5.35,7.8,519.0,2.91,0.24,440.0,1950.0,,,,,False
3567,Shimsha D/S Near Madduar Town,Canal,KARNATAKA,2017,Unsafe,4.595,"BOD, Fecal Coliform",25.0,6.15,7.65,521.0,2.25,0.3,295.0,1450.0,,13.1016788,77.5756532,"town, Karnataka, India",True
3580,Shimsha At Water Supply Intake Point At Madduar,Canal,KARNATAKA,2017,Unsafe,4.21,Fecal Coliform,25.5,6.1,7.85,404.0,2.0,0.25,241.5,1570.0,,,,,False
1165,"Arkavathi At D/S Of Kanakapura Town,",Canal,KARNATAKA,2017,Unsafe,9.097,"DO, BOD, Nitrate, Fecal Coliform",29.0,3.55,7.05,1170.5,8.65,19.5,1000000.0,5000000.0,,13.1016788,77.5756532,"town, Karnataka, India",True
2778,"Arkavathi At T.G. Halli Reservoir, ,",Canal,KARNATAKA,2017,Unsafe,8.169,"BOD, Fecal Coliform",28.6,7.1,7.8,1326.5,8.5,3.1,3958.5,27186.0,,12.9392713,77.5722595,"reservoir, Karnataka, India",True
1197,"Kabini At Saragur Village D/S,",Canal,KARNATAKA,2017,Unsafe,4.913,"BOD, Fecal Coliform",27.5,6.25,7.5,176.0,2.3,0.15,375.0,1650.0,,12.9422696,77.6253883,"village, Karnataka, India",True
41,Kabini At Cause Way Sattur,Canal,KARNATAKA,2017,Unsafe,5.025,"DO, BOD, Fecal Coliform",25.0,5.95,7.75,389.0,2.39,0.3,395.0,1750.0,,15.4105056,75.0456504,"sattur, Karnataka, India",True
1445,"Kabini At Water Intake Of Kiadb At Nanjangud,",Canal,KARNATAKA,2017,Unsafe,4.383,"BOD, Fecal Coliform",26.0,6.25,8.05,195.0,2.1,0.4,265.0,1600.0,,12.1220681,76.6843409,"nanjangud, Karnataka, India",True
2775,"Kabini At Bathing Ghat, Nanjanagud,",Canal,KARNATAKA,2017,Unsafe,8.031,"DO, BOD, Fecal Coliform",28.0,5.1,7.5,248.0,4.45,0.35,710.0,3200.0,,,,,False
3575,Kabini U/S Intake Point To Nanjanagud & Gundlupet At Debur,Canal,KARNATAKA,2017,Unsafe,4.634,"BOD, Fecal Coliform",26.5,6.25,7.65,192.0,2.05,0.1,330.0,1500.0,,,,,False
3577,Kabini At Water Supply Intake Point To T. Narasipura,Canal,KARNATAKA,2017,Unsafe,4.986,"BOD, Fecal Coliform",30.0,6.25,7.75,386.0,2.05,0.25,445.0,1450.0,,13.2702874,77.2346786,"narasipura, Karnataka, India",True
1196,"Lakshmantirtha At D/S Of Hunsur Town,",River,KARNATAKA,2017,Unsafe,8.159,"DO, BOD, Fecal Coliform",29.5,4.2,7.55,524.0,7.3,1.75,745.0,3200.0,,13.1016788,77.5756532,"town, Karnataka, India",True
2772,"Lakshmantirtha At D/S Of Kattemalavadi,",River,KARNATAKA,2017,Unsafe,7.965,"DO, BOD, Fecal Coliform",28.5,5.35,7.45,451.0,4.6,0.25,590.0,2500.0,,12.3518289,76.2890432,"kattemalavadi, Karnataka, India",True
1444,"Kali At D/S West Coast Paper Mill, Karnataka",River,KARNATAKA,2018,Unsafe,4.452,"BOD, Fecal Coliform",28.85,7.55,7.25,85.0,2.8,0.92,215.0,1175.0,,13.0222347,77.5671832,"karnataka, Karnataka, India",True
2780,"Kali At U/S Of Wcpm, Dandeli, Karnataka",River,KARNATAKA,2018,Unsafe,5.49,"BOD, Fecal Coliform",27.0,7.0,7.3,72.0,2.65,0.45,535.0,1175.0,,13.0222347,77.5671832,"karnataka, Karnataka, India",True
3562,Thumbe Water Supply Stations To Mangalore City,River,KARNATAKA,2018,Unsafe,3.367,"BOD, Fecal Coliform",28.5,7.0,7.05,137.0,2.5,0.895,118.5,535.0,,13.0222347,77.5671832,"city, Karnataka, India",True
3563,U/S Of Upiingady Town,River,KARNATAKA,2018,Unsafe,2.62,Fecal Coliform,30.0,6.95,7.0,139.0,1.5,0.755,92.0,570.0,,13.1016788,77.5756532,"town, Karnataka, India",True
3564,Borewell Water Near Mangalijyothi School Msw Site Vammanjoor,Groundwater,KARNATAKA,2019,Unsafe,7.427,"pH, BOD",27.5,,4.2,7.05,169.0,3.0,1.15,2.0,,,,,False
4093,"M/S Sugureshwara Ind, 196 (P), Kiadb Ind Growth Centre, Chika Sugar, Raichur",Groundwater,KARNATAKA,2019,Unsafe,8.185,"pH, BOD",30.0,,5.0,7.4,500.0,8.8,,,,16.0547194,76.9003647,"raichur, Karnataka, India",True
4499,"Benniothora Dam, Kurkota Village",River,KARNATAKA,2019,Unsafe,4.508,"BOD, Fecal Coliform",28.5,7.15,8.1,539.0,2.4,0.31,260.0,1250.0,,12.9305838,77.6920571,"village, Karnataka, India",True
4500,"Kagina River At D/S Of Bridge Cum Barrage, Sadem Tq",River,KARNATAKA,2019,Unsafe,4.135,"BOD, Fecal Coliform",27.5,6.9,8.15,517.5,2.3,0.34,205.0,730.0,,,,,False
1444,"Kali At D/S West Coast Paper Mill (Wcpm) ,",River,KARNATAKA,2019,Unsafe,7.649,"BOD, Fecal Coliform",26.0,7.7,7.25,80.0,14.3,0.115,192.5,847.5,,,,,False
2780,"Kali At U/S Of Wcpm, Dandeli,",River,KARNATAKA,2019,Unsafe,5.219,"BOD, Fecal Coliform",24.5,7.85,7.2,77.5,2.45,0.1,458.5,935.0,,15.2490284,74.6236037,"dandeli, Karnataka, India",True
4497,Kengre Hole (Sirsi),River,KARNATAKA,2019,Unsafe,3.475,"BOD, Fecal Coliform",26.0,7.35,7.35,89.0,2.2,0.195,137.5,920.0,,14.6192362,74.8388611,"sirsi, Karnataka, India",True
1894,Kumaradhara - U/S Of Uppinagady Town Before Confluence With River Nethravathi,River,KARNATAKA,2019,Unsafe,4.293,Fecal Coliform,28.0,6.6,7.05,157.0,2.0,1.05,257.0,495.0,,13.0898321,77.5424946,"nethravathi, Karnataka, India",True
1892,Netravathi U/S Of Dharmastala At Water Supply Intake Point,River,KARNATAKA,2019,Unsafe,7.273,"BOD, Fecal Coliform",28.5,6.35,7.1,157.0,4.0,0.785,63.5,220.0,,12.9519571,75.3813122,"dharmastala, Karnataka, India",True
3562,Netravathi At Thumbe Water Supply Stations To Mangalore City,River,KARNATAKA,2019,Unsafe,2.71,Fecal Coliform,28.0,6.5,7.15,153.0,2.0,1.0,96.0,495.0,,13.0222347,77.5671832,"city, Karnataka, India",True
3563,Netravathi At U/S Of Upiingady Town,River,KARNATAKA,2019,Unsafe,2.497,Fecal Coliform,27.5,6.5,7.05,155.0,2.0,1.08,87.0,560.0,,13.1016788,77.5756532,"town, Karnataka, India",True
1889,Krishna - Ankali Bridge Along Chikkodi Kagwad Road,River,KARNATAKA,2019,Unsafe,5.941,Fecal Coliform,26.0,7.55,7.8,765.5,1.55,6.7,1150.0,2400.0,253.0,16.6960786,74.7187223,"kagwad, Karnataka, India",True
1182,"Krishna At U/S Of Ugarkhurd Barrage,",River,KARNATAKA,2019,Unsafe,5.967,"BOD, Fecal Coliform",25.0,7.8,7.95,634.0,2.3,5.95,1010.0,2050.0,253.0,,,"krishna ugarkhurd, Karnataka, India",False
2781,"Krishna At D/S Of Alamatti Dam,",River,KARNATAKA,2019,Unsafe,7.702,"BOD, Nitrate, Fecal Coliform",31.0,7.7,8.4,1876.0,2.45,23.4,585.0,1150.0,148.0,16.3451718,75.8923516,"alamatti, Karnataka, India",True
1181,"Krishna At D/S Of Narayanpura Dam,",River,KARNATAKA,2019,Unsafe,7.69,"BOD, Nitrate, Fecal Coliform",30.0,7.7,8.5,1845.0,2.25,22.6,985.0,1850.0,148.0,15.4559068,74.9922057,"krishna narayanpura, Karnataka, India",True
1028,"Krishna At Tintini Bridge,",River,KARNATAKA,2019,Unsafe,4.295,"BOD, Fecal Coliform",28.0,7.1,8.25,638.0,2.3,0.285,230.0,1070.0,,,,"krishna tintini, Karnataka, India",False
1170,"Krishna At D/S Of Devasagar Bdg.,",River,KARNATAKA,2019,Unsafe,7.777,"BOD, Fecal Coliform",28.5,7.4,8.35,1235.0,33.25,0.25,345.0,1560.0,,,,,False
1183,"Bhima At D/S Of Road Bridge At Gangapur Village,",River,KARNATAKA,2019,Unsafe,5.686,"BOD, Fecal Coliform",28.0,6.6,8.05,660.0,3.0,0.35,545.0,1850.0,,12.9422696,77.6253883,"village, Karnataka, India",True
1184,"Bhima At Ferozabad Village (D/S),",River,KARNATAKA,2019,Unsafe,5.012,"BOD, Fecal Coliform",29.5,7.05,8.45,702.5,3.0,0.3,305.0,1070.0,,12.9422696,77.6253883,"village, Karnataka, India",True
1167,"Bhima At D/S Of Bdg. Near Yadgir,",River,KARNATAKA,2019,Unsafe,5.716,"BOD, Fecal Coliform",31.0,7.0,8.4,947.0,3.25,0.25,500.0,2200.0,,16.5744123,76.9254434,"yadgir, Karnataka, India",True
1888,Bhima River At Confluence Of Jewargi Town Sewage Disposal Point,River,KARNATAKA,2019,Unsafe,5.647,"BOD, Fecal Coliform",29.0,6.8,8.3,708.0,3.25,0.3,470.0,1860.0,,13.3067379,77.6125389,"disposal, Karnataka, India",True
1185,"Ghatprabha At D/S Of Mudhol Rd. Cross Bdg.,",River,KARNATAKA,2019,Unsafe,4.998,Fecal Coliform,22.5,6.55,8.1,468.5,1.6,5.2,460.0,847.5,56.5,12.9529035,77.5158003,"cross, Karnataka, India",True
1163,"Ghatprabha At W.A. Point To Gokak Town,",River,KARNATAKA,2019,Unsafe,5.199,"DO, Fecal Coliform",29.5,5.75,7.6,386.5,1.85,10.0,535.0,1300.0,178.0,13.1016788,77.5756532,"town, Karnataka, India",True
1187,"Malprabha At D/S Of Khanapur Village,",River,KARNATAKA,2019,Unsafe,5.718,Fecal Coliform,28.0,6.7,7.75,194.0,1.95,4.15,913.0,1644.0,148.0,12.9422696,77.6253883,"village, Karnataka, India",True
1164,"Malprabha At Water Abstr. Pt. To Hubli, Dharwar,",River,KARNATAKA,2019,Unsafe,5.792,Fecal Coliform,29.0,9.0,7.9,616.5,1.5,4.6,985.0,2050.0,63.0,15.4540505,75.0066516,"dharwar, Karnataka, India",True
1186,"Malprabha At D/S Of Aihole Town,",River,KARNATAKA,2019,Unsafe,5.108,Fecal Coliform,23.0,6.45,7.9,460.5,1.65,7.8,507.5,932.5,56.5,13.1016788,77.5756532,"town, Karnataka, India",True
2764,"Malprabha At Badami Bridge,",River,KARNATAKA,2019,Unsafe,5.306,Fecal Coliform,23.0,6.45,8.05,575.5,1.5,7.25,610.0,1700.0,63.0,15.9203874,75.6807865,"badami, Karnataka, India",True
1029,"Tungabhadra At Haralahalli Bridge,",River,KARNATAKA,2019,Unsafe,5.837,"BOD, Fecal Coliform",27.5,6.6,7.58,307.5,2.5,0.655,800.0,1550.0,,13.0236469,76.0551085,"haralahalli, Karnataka, India",True
29,Tungabhadra At Ullanur,River,KARNATAKA,2019,Unsafe,4.751,"BOD, Fecal Coliform",26.0,7.25,8.3,600.0,3.0,0.265,249.0,898.0,,,,"tungabhadra ullanur, Karnataka, India",False
2767,"Tungabhadra At U/S Of Hpf,",River,KARNATAKA,2019,Unsafe,6.007,"BOD, Fecal Coliform",26.0,7.15,7.6,259.0,2.5,0.55,950.0,1850.0,,15.9648343,77.366508,"tungabhadra, Karnataka, India",True
2768,"Tungabhadra At D/S Of Hpf,",River,KARNATAKA,2019,Unsafe,7.964,"DO, BOD, Fecal Coliform",27.0,5.9,7.45,590.0,4.6,0.6,900.0,2000.0,,15.9648343,77.366508,"tungabhadra, Karnataka, India",True
2769,"Tungabhadra At Jackwell Point,",River,KARNATAKA,2019,Unsafe,6.007,"BOD, Fecal Coliform",27.0,6.3,7.55,245.0,2.5,0.7,950.0,1650.0,,15.9648343,77.366508,"tungabhadra, Karnataka, India",True
2770,"Tungabhadra At Harihar Water Supply Intake,",River,KARNATAKA,2019,Unsafe,8.15,"BOD, Fecal Coliform",26.0,6.75,7.3,375.5,3.9,0.65,11450.0,26100.0,,14.5116874,75.809288,"harihar, Karnataka, India",True
2776,"Tungabhadra At D/S Of Gangawathi,",River,KARNATAKA,2019,Unsafe,4.235,"BOD, Fecal Coliform",29.0,7.15,8.35,375.5,2.5,0.3,205.0,884.0,,,,"tungabhadra gangawathi, Karnataka, India",False
2766,"Tungabhadra At New Bridge,",River,KARNATAKA,2019,Unsafe,5.812,"BOD, Fecal Coliform",26.0,7.0,7.6,275.0,2.45,0.4,800.0,1550.0,,15.9648343,77.366508,"tungabhadra, Karnataka, India",True
1168,"Tunga At D/S Of Shimoga Town,",River,KARNATAKA,2019,Unsafe,8.0,"BOD, Fecal Coliform",27.0,6.7,7.5,199.0,3.6,0.6,45550.0,81400.0,,13.1016788,77.5756532,"town, Karnataka, India",True
1896,Tungabhadra At Confluence Point Of Tunga And Bhadra At Kudli,River,KARNATAKA,2019,Unsafe,5.904,"BOD, Fecal Coliform",26.5,7.0,7.4,181.0,2.4,0.45,900.0,1900.0,,18.1124192,77.3351885,"kudli, Karnataka, India",True
1091,Bhadra At Malleswaram D/S Of Kiocl,River,KARNATAKA,2019,Safe,0.0,,20.0,6.1,7.1,93.5,1.5,0.1,42.0,390.0,,13.2097914,75.2503201,"kiocl, Karnataka, India",True
1387,"Bhadra At D/S Of Bhadravathi,",River,KARNATAKA,2019,Unsafe,8.0,"BOD, Fecal Coliform",26.5,6.8,7.6,225.0,3.6,0.55,27500.0,49500.0,,13.8363715,75.6447514,"bhadra bhadravathi, Karnataka, India",True
1169,"Bhadra At D/S Of Kiocl Road Bridge, Near Holehunnur,",River,KARNATAKA,2019,Unsafe,7.575,"BOD, Fecal Coliform",27.0,7.2,7.55,190.0,2.75,0.5,7700.0,12100.0,,,,"bhadra kiocl holehunnur, Karnataka, India",False
2765,"Bhadra At U/S Of Mpm,",River,KARNATAKA,2019,Unsafe,5.65,"BOD, Fecal Coliform",27.0,7.0,7.55,202.5,2.4,0.5,700.0,1300.0,,13.4893942,75.5273902,"bhadra, Karnataka, India",True
2771,"Bhadra At U/S Of Kiocl,",River,KARNATAKA,2019,Safe,0.0,,19.0,6.3,6.95,85.0,1.5,0.1,28.0,285.0,,13.2097914,75.2503201,"kiocl, Karnataka, India",True
1895,Kagina D/S Of Sewage Disposal Point,River,KARNATAKA,2019,Unsafe,4.97,"BOD, Fecal Coliform",31.0,7.15,8.2,510.5,3.0,0.85,295.0,1260.0,,13.3067379,77.6125389,"disposal, Karnataka, India",True
2777,"Kagina At Shahabad Bridge,",River,KARNATAKA,2019,Unsafe,4.626,"BOD, Fecal Coliform",30.5,6.6,8.2,443.5,2.4,0.5,285.0,1250.0,,17.220367,77.3708457,"kagina shahabad, Karnataka, India",True
1198,"Cauvery At Napokulu Bdg (D/S),",River,KARNATAKA,2019,Unsafe,1.64,Fecal Coliform,23.0,6.9,7.25,88.0,1.25,0.25,63.5,310.0,,,,"cauvery napokulu, Karnataka, India",False
1195,"Cauvery At Kushal Nagar U/S (Near Baichanahalli),",River,KARNATAKA,2019,Unsafe,2.444,Fecal Coliform,24.5,7.25,7.35,131.5,1.2,0.4,85.0,340.0,,12.4540512,75.9538266,"baichanahalli, Karnataka, India",True
33,"Cauvery At Krs Dam, Balamurikshetra",River,KARNATAKA,2019,Unsafe,4.283,Fecal Coliform,25.0,6.7,8.05,226.0,1.9,0.655,255.0,1220.0,,,,"cauvery krs balamurikshetra, Karnataka, India",False
1171,"Cauvery At Sri Rangapattanna, D/S Of Road Bdg.,",River,KARNATAKA,2019,Unsafe,4.895,Fecal Coliform,24.0,6.55,7.9,251.5,1.75,0.95,420.0,1700.0,,,,"cauvery sri rangapattanna ., Karnataka, India",False
1386,"Cauvery At D/S Of Karekuara Village,",River,KARNATAKA,2019,Unsafe,4.333,Fecal Coliform,23.0,6.65,8.1,245.5,1.8,0.7,265.0,1420.0,,12.9422696,77.6253883,"village, Karnataka, India",True
34,Cauvery At Sathyagalam Bridge,River,KARNATAKA,2019,Unsafe,4.609,Fecal Coliform,26.5,6.65,7.95,316.5,1.85,1.25,330.0,1170.0,,,,"cauvery sathyagalam, Karnataka, India",False
2773,"Cauvery At Bannur Bridge,",River,KARNATAKA,2019,Unsafe,4.407,"BOD, Fecal Coliform",26.5,6.25,8.1,307.5,2.1,1.05,270.0,1170.0,,12.3053048,76.6959064,"cauvery bannur, Karnataka, India",True
2774,"Cauvery At Ranganathittu,",River,KARNATAKA,2019,Unsafe,4.849,"BOD, Fecal Coliform",25.0,6.5,7.95,250.0,2.05,1.05,395.0,1400.0,,12.4280703,76.653645,"ranganathittu, Karnataka, India",True
3566,Cauvery At Krs Dam Mandya,River,KARNATAKA,2019,Unsafe,4.174,Fecal Coliform,25.5,6.7,7.95,229.0,1.85,0.8,235.0,1120.0,,12.6368939,76.7275477,"mandya, Karnataka, India",True
3568,Cauvery At Water Supply Intake Point To Srirangapatna Town,River,KARNATAKA,2019,Unsafe,4.532,Fecal Coliform,24.5,6.7,8.05,243.5,2.0,0.8,310.0,1270.0,,13.1016788,77.5756532,"town, Karnataka, India",True
3569,Cauvery At Water Supply Intake Point To Mandya Town,River,KARNATAKA,2019,Unsafe,4.47,Fecal Coliform,24.0,6.65,7.9,250.5,1.95,1.0,295.0,1570.0,,13.1016788,77.5756532,"town, Karnataka, India",True
3570,Cauvery D/S Of Kr Nagar Bridge,River,KARNATAKA,2019,Unsafe,4.973,Fecal Coliform,28.0,6.75,7.85,281.0,2.0,1.15,450.0,1600.0,,12.9730088,77.5804711,"nagar, Karnataka, India",True
3571,Cauvery U/S Of Kr Nagar,River,KARNATAKA,2019,Unsafe,5.24,"BOD, Fecal Coliform",28.0,6.7,7.65,284.0,2.05,1.15,560.0,1800.0,,12.9730088,77.5804711,"nagar, Karnataka, India",True
3573,Cauvery D/S Of Kushalanagar Town,River,KARNATAKA,2019,Unsafe,2.572,Fecal Coliform,25.0,7.0,7.45,180.5,1.45,0.65,90.0,445.0,,13.1016788,77.5756532,"town, Karnataka, India",True
3576,Cauvery At Water Supply Intake Point To Mysore Pump House,River,KARNATAKA,2019,Unsafe,3.527,Fecal Coliform,25.5,7.05,7.7,233.5,1.55,0.7,151.0,995.0,,12.9630135,77.7177141,"house, Karnataka, India",True
3578,Cauvery D/S Of Maddur Water Supply Treatment Plant At Bachalli,River,KARNATAKA,2019,Unsafe,5.29,"BOD, Fecal Coliform",24.0,6.55,7.95,280.0,2.15,0.9,560.0,1770.0,,12.6720777,75.7562095,"bachalli, Karnataka, India",True
3579,Cauvery At Water Supply Intake Point At Kollegala Dasanapura,River,KARNATAKA,2019,Unsafe,4.714,Fecal Coliform,26.0,6.45,7.7,331.5,1.95,1.15,360.0,1600.0,,12.7467724,77.7742876,"dasanapura, Karnataka, India",True
3581,Cauvery At Water Supply Intake Point At T K Halli,River,KARNATAKA,2019,Unsafe,4.316,Fecal Coliform,23.5,6.75,7.75,267.5,1.85,1.1,261.5,1120.0,,17.8401056,76.8684901,"halli, Karnataka, India",True
4109,Cauvery River Before Confluence At Sangam,River,KARNATAKA,2019,Unsafe,8.139,"BOD, Fecal Coliform",26.0,6.65,7.9,789.5,4.0,1.3,3166.0,27120.0,,13.0059246,77.5789838,"sangam, Karnataka, India",True
30052,Cauvery At Ajjibore (Bangalore),River,KARNATAKA,2019,Safe,0.0,,,7.2,7.9,542.0,,,12.0,130.0,,12.9767936,77.590082,"bangalore, Karnataka, India",True
4099,"Cauvery River D/S Barachuki Falls, Sathegala, Kollegala",River,KARNATAKA,2019,Unsafe,4.052,Fecal Coliform,26.0,6.65,8.05,312.0,1.85,1.0,215.0,1065.0,,12.170079,77.1462741,"kollegala, Karnataka, India",True
1893,Yagachi River Near Pumping Station. Hassan City,River,KARNATAKA,2019,Unsafe,4.942,"DO, BOD, Fecal Coliform",26.0,4.8,7.6,455.0,2.5,0.35,310.0,2950.0,,13.0222347,77.5671832,"city, Karnataka, India",True
1199,Hemavati At D/S Of Holenarasipura Town At Ramadevala Weir,River,KARNATAKA,2019,Unsafe,3.433,"DO, Fecal Coliform",26.5,5.7,7.8,170.0,1.5,0.15,139.0,1450.0,,13.4143895,74.7645804,"weir, Karnataka, India",True
1166,"Shimsha At D/S Of Bridge, Halagur,",River,KARNATAKA,2019,Unsafe,5.387,"BOD, Fecal Coliform",25.0,6.35,8.0,363.5,2.25,1.55,585.0,2150.0,,,,"shimsha halagur, Karnataka, India",False
1200,"Shimsha At D/S Of Highway Bridge, Yediyar,",River,KARNATAKA,2019,Unsafe,8.2,"BOD, Fecal Coliform",25.5,6.0,7.45,415.5,6.25,2.35,5541.5,46175.0,36.0,,,"shimsha yediyar, Karnataka, India",False
3567,Shimsha D/S Near Madduar Town,River,KARNATAKA,2019,Unsafe,5.968,"DO, BOD, Fecal Coliform",27.0,5.35,8.1,526.5,3.0,0.8,655.0,1950.0,,13.1016788,77.5756532,"town, Karnataka, India",True
3580,Shimsha At Water Supply Intake Point At Madduar,River,KARNATAKA,2019,Unsafe,4.256,Fecal Coliform,24.0,6.5,7.85,268.5,1.95,1.0,250.0,1170.0,,,,"shimsha madduar, Karnataka, India",False
1165,"Arkavathi At D/S Of Kanakapura Town,",River,KARNATAKA,2019,Unsafe,8.267,"DO, BOD, Fecal Coliform",25.5,5.5,7.1,1245.5,6.0,9.85,70023.5,800175.0,27.0,13.1016788,77.5756532,"town, Karnataka, India",True
2778,"Arkavathi At T.G. Halli Reservoir, ,",River,KARNATAKA,2019,Unsafe,8.2,"BOD, Fecal Coliform",28.7,6.1,7.6,1102.5,8.5,8.65,55022.0,460270.0,44.0,12.9392713,77.5722595,"reservoir, Karnataka, India",True
2779,"Arkavathi At Hesaraghatta Reservoir,",River,KARNATAKA,2019,Unsafe,8.347,"DO, BOD, Fecal Coliform",27.0,4.9,6.7,274.5,12.0,1.05,1000000.0,5000000.0,,12.9392713,77.5722595,"reservoir, Karnataka, India",True
41,Kabini At Cause Way Sattur,River,KARNATAKA,2019,Unsafe,4.609,Fecal Coliform,26.0,6.75,7.85,402.0,1.85,1.245,330.0,1320.0,,15.4105056,75.0456504,"sattur, Karnataka, India",True
1197,"Kabini At Saragur Village D/S,",River,KARNATAKA,2019,Unsafe,4.557,"BOD, Fecal Coliform",26.75,6.25,7.7,110.0,2.05,0.55,310.0,1520.0,,12.9422696,77.6253883,"village, Karnataka, India",True
1445,"Kabini At Water Intake Of Kiadb At Nanjangud,",River,KARNATAKA,2019,Unsafe,4.404,Fecal Coliform,25.0,6.7,7.95,262.0,1.8,0.65,280.0,1400.0,,12.1220681,76.6843409,"nanjangud, Karnataka, India",True
2775,"Kabini At Bathing Ghat, Nanjanagud,",River,KARNATAKA,2019,Unsafe,5.992,"BOD, Fecal Coliform",25.5,6.25,7.85,276.5,2.35,5.75,1010.0,2180.0,,,,"kabini bathing ghat nanjanagud, Karnataka, India",False
1196,"Lakshmantirtha At D/S Of Hunsur Town,",River,KARNATAKA,2019,Unsafe,6.022,"DO, BOD, Fecal Coliform",24.5,4.3,7.55,383.5,3.2,1.1,550.0,2800.0,,13.1016788,77.5756532,"town, Karnataka, India",True
2772,"Lakshmantirtha At D/S Of Kattemalavadi,",River,KARNATAKA,2019,Unsafe,7.974,"DO, BOD, Fecal Coliform",24.5,5.1,8.0,388.5,4.2,1.2,515.0,2450.0,,12.3518289,76.2890432,"kattemalavadi, Karnataka, India",True
3572,Lakshmantirtha At Water Supply Intake Point To Hunsur Town,River,KARNATAKA,2019,Unsafe,5.147,"DO, BOD, Fecal Coliform",27.0,5.9,7.5,355.0,2.45,0.85,425.0,1850.0,,13.1016788,77.5756532,"town, Karnataka, India",True
3564,Borewell Water Near Mangalijyothi School Msw Site Vammanjoor,Pond/Tank,KARNATAKA,2020,Unsafe,3.625,BOD,28.0,,7.2,171.0,3.0,1.19,2.0,6.5,,12.9169819,74.9005045,"vamanjoor, Karnataka, India",True
1444,"River Kali At D/S West Coast Paper Mill (Wcpm) ,",River,KARNATAKA,2020,Unsafe,3.118,"BOD, Fecal Coliform",27.0,7.45,7.15,96.0,2.65,0.045,100.0,307.0,,,,,False
1892,River Netravathi U/S Of Dharmastala At Water Supply Intake Point,River,KARNATAKA,2020,Unsafe,5.588,Fecal Coliform,29.0,7.1,7.05,144.0,2.0,0.94,801.0,801.0,,12.9519571,75.3813122,"dharmastala, Karnataka, India",True
1894,River Kumaradhara - U/S Of Uppinagady Town Before Confluence With Nethravathi,River,KARNATAKA,2020,Unsafe,5.588,Fecal Coliform,28.0,7.2,7.0,143.5,2.0,0.955,801.0,801.0,,13.0898321,77.5424946,"nethravathi, Karnataka, India",True
2780,"River Kali At U/S Of Wcpm, Dandeli,",River,KARNATAKA,2020,Unsafe,2.772,"BOD, Fecal Coliform",26.5,7.35,7.0,88.5,2.4,0.03,90.0,276.0,,15.2490284,74.6236037,"dandeli, Karnataka, India",True
3562,River Netravathi At Thumbe Water Supply Stations To Mangalore City,River,KARNATAKA,2020,Unsafe,5.588,Fecal Coliform,28.5,7.0,7.1,141.0,2.0,0.89,801.0,801.0,,13.0222347,77.5671832,"city, Karnataka, India",True
3563,River Netravathi At U/S Of Upiingady Town,River,KARNATAKA,2020,Unsafe,5.838,"BOD, Fecal Coliform",28.0,6.65,7.15,140.0,2.5,0.925,801.0,801.0,,13.1016788,77.5756532,"town, Karnataka, India",True
4087,"River Gangavali River, Nr Bridge, Ankola",River,KARNATAKA,2020,Unsafe,1.575,BOD,27.0,7.5,7.4,124.5,2.45,0.275,12.5,42.0,,14.6453588,74.3319253,"ankola, Karnataka, India",True
4088,"River Aghanashini River, Nr Bridge, Kumata",River,KARNATAKA,2020,Unsafe,1.225,BOD,26.0,7.5,7.35,106.5,2.35,0.205,15.0,48.0,,14.4271622,74.4117058,"kumata, Karnataka, India",True
4089,River Gundabai At Hadinabai Bridge,River,KARNATAKA,2020,Unsafe,1.225,BOD,27.5,7.55,7.15,80.5,2.35,0.26,13.0,47.5,,,,,False
4090,River Sharavathi Nr Bridge At Honnavara,River,KARNATAKA,2020,Unsafe,1.05,BOD,27.0,7.85,7.35,86.0,2.3,0.24,16.5,49.0,,14.2810827,74.4446716,"honnavara, Karnataka, India",True
4091,River Venkatpur Nr Kadivinakatte Dam,River,KARNATAKA,2020,Unsafe,0.7,BOD,26.5,7.6,7.3,63.5,2.2,0.18,12.5,39.0,,,,,False
4497,River Kengre Hole (Sirsi),River,KARNATAKA,2020,Unsafe,1.225,BOD,25.0,7.4,7.1,86.5,2.35,0.405,17.5,52.0,,14.6192362,74.8388611,"sirsi, Karnataka, India",True
4499,"Benniothora Reservoir,Benniothora Dam, Kurkota Village",River,KARNATAKA,2020,Unsafe,5.534,"BOD, Fecal Coliform",27.5,7.0,8.2,496.5,2.5,1.37,597.0,2970.0,,12.9305838,77.6920571,"village, Karnataka, India",True
4500,"River Kagina At D/S Of Bridge Cum Barrage, Sadem Tq",River,KARNATAKA,2020,Unsafe,5.185,"BOD, Fecal Coliform",28.5,7.1,8.2,449.0,2.5,0.45,435.0,2210.0,,,,,False
1182,"Krishna At U/S Of Ugarkhurd Barrage,",River,KARNATAKA,2020,Unsafe,5.599,"BOD, Fecal Coliform",27.0,7.6,8.05,575.0,2.5,2.325,635.0,1250.0,335.0,,,"krishna ugarkhurd, Karnataka, India",False
2781,"Krishna At D/S Of Alamatti Dam,",River,KARNATAKA,2020,Unsafe,6.049,"BOD, Fecal Coliform",30.5,7.55,7.75,617.5,3.4,1.365,635.0,1250.0,410.0,16.3451718,75.8923516,"alamatti, Karnataka, India",True
1181,"Krishna At D/S Of Narayanpura Dam,",River,KARNATAKA,2020,Unsafe,5.849,"BOD, Fecal Coliform",30.5,7.7,7.75,699.5,3.0,2.91,635.0,1250.0,380.0,15.4559068,74.9922057,"krishna narayanpura, Karnataka, India",True
1028,"Krishna At Tintini Bridge,",River,KARNATAKA,2020,Unsafe,4.532,Fecal Coliform,28.0,7.4,8.15,756.5,2.0,0.54,310.0,1560.0,,,,"krishna tintini, Karnataka, India",False
1170,Krishna At D/S Of Devasagar Bldg.,River,KARNATAKA,2020,Unsafe,4.913,"BOD, Fecal Coliform",29.0,7.4,8.15,1096.5,2.5,0.62,345.0,1560.0,,12.9733358,77.7100944,"bldg., Karnataka, India",True
1185,"Ghatprabha At D/S Of Mudhol Rd. Cross Bdg.,",River,KARNATAKA,2020,Unsafe,5.289,Fecal Coliform,19.5,7.6,8.25,647.0,1.8,3.095,600.0,1250.0,355.0,12.9529035,77.5158003,"cross, Karnataka, India",True
1163,"Ghatprabha At W.A. Point To Gokak Town,",River,KARNATAKA,2020,Unsafe,5.265,"BOD, Fecal Coliform",27.0,7.35,7.85,513.0,2.1,2.5,560.0,1250.0,305.0,13.1016788,77.5756532,"town, Karnataka, India",True
1187,"Malprabha At D/S Of Khanapur Village,",River,KARNATAKA,2020,Unsafe,5.9,"BOD, Fecal Coliform",25.0,8.15,7.8,197.0,2.9,1.3,700.0,1250.0,360.0,12.9422696,77.6253883,"village, Karnataka, India",True
1186,"Malprabha At D/S Of Aihole Town,",River,KARNATAKA,2020,Unsafe,6.217,"BOD, Fecal Coliform",18.5,6.65,8.05,755.0,2.8,2.25,1010.0,2050.0,555.0,13.1016788,77.5756532,"town, Karnataka, India",True
2764,"Malprabha At Badami Bridge,",River,KARNATAKA,2020,Unsafe,6.341,"BOD, Fecal Coliform",19.0,6.8,8.05,694.0,2.8,3.86,1150.0,2050.0,640.0,15.9203874,75.6807865,"badami, Karnataka, India",True
1029,"Tungabhadra At Haralahalli Bridge,",River,KARNATAKA,2020,Unsafe,6.057,"BOD, Fecal Coliform",28.5,6.9,7.55,274.0,2.5,1.33,1000.0,1650.0,,13.0236469,76.0551085,"haralahalli, Karnataka, India",True
29,Tungabhadra At Ullanur,River,KARNATAKA,2020,Unsafe,4.895,"BOD, Fecal Coliform",27.5,7.2,8.0,654.0,2.5,0.19,340.0,1560.0,,,,"tungabhadra ullanur, Karnataka, India",False
2767,Tungabhadra At U/S Of Hpf,River,KARNATAKA,2020,Unsafe,5.648,"BOD, Fecal Coliform",27.0,7.4,7.65,220.0,2.55,0.52,650.0,900.0,,15.9648343,77.366508,"tungabhadra, Karnataka, India",True
2768,Tungabhadra At D/S Of Hpf,River,KARNATAKA,2020,Unsafe,8.084,"BOD, Fecal Coliform",28.5,6.25,7.55,460.0,4.05,1.98,2150.0,5600.0,,15.9648343,77.366508,"tungabhadra, Karnataka, India",True
2769,Tungabhadra At Jackwell Point,River,KARNATAKA,2020,Unsafe,6.274,"BOD, Fecal Coliform",28.0,6.45,7.55,313.0,2.75,1.66,1100.0,1950.0,,15.9648343,77.366508,"tungabhadra, Karnataka, India",True
2770,Tungabhadra At Harihar Water Supply Intake,River,KARNATAKA,2020,Unsafe,7.953,"BOD, Fecal Coliform",27.5,6.75,7.65,310.0,3.9,1.17,3900.0,6500.0,,14.5116874,75.809288,"harihar, Karnataka, India",True
2776,Tungabhadra At D/S Of Gangawathi,River,KARNATAKA,2020,Unsafe,4.48,"BOD, Fecal Coliform",27.0,7.3,8.1,389.0,2.5,0.15,245.0,1260.0,,,,,False
2766,Tungabhadra At New Bridge,River,KARNATAKA,2020,Unsafe,5.85,"BOD, Fecal Coliform",27.0,7.4,7.65,238.0,2.8,0.56,700.0,1550.0,,15.9648343,77.366508,"tungabhadra, Karnataka, India",True
1168,Tunga At D/S Of Shimoga Town,River,KARNATAKA,2020,Unsafe,7.9,"BOD, Fecal Coliform",27.5,6.85,7.55,215.0,3.4,0.62,7000.0,11000.0,,13.1016788,77.5756532,"town, Karnataka, India",True
1091,Bhadra At Malleswaram D/S Of Kiocl,River,KARNATAKA,2020,Safe,0.0,,22.0,6.75,7.05,90.0,1.8,0.1,31.5,260.0,,13.2097914,75.2503201,"kiocl, Karnataka, India",True
1387,Bhadra At D/S Of Bhadravathi,River,KARNATAKA,2020,Unsafe,7.85,"BOD, Fecal Coliform",29.0,6.55,7.65,250.0,3.3,0.6,8750.0,13500.0,,13.8363715,75.6447514,"bhadra bhadravathi, Karnataka, India",True
2765,Bhadra At U/S Of Mpm,River,KARNATAKA,2020,Unsafe,5.675,"BOD, Fecal Coliform",28.5,6.5,7.7,182.5,2.45,0.48,700.0,1250.0,,13.4893942,75.5273902,"bhadra, Karnataka, India",True
2771,Bhadra At U/S Of Kiocl,River,KARNATAKA,2020,Safe,0.0,,21.0,6.95,6.95,83.0,1.7,0.1,29.5,245.0,,13.2097914,75.2503201,"kiocl, Karnataka, India",True
1895,Kagina D/S Of Sewage Disposal Point,River,KARNATAKA,2020,Unsafe,5.722,"BOD, Fecal Coliform",29.0,7.0,8.4,547.5,2.5,0.6,715.0,2550.0,,13.3067379,77.6125389,"disposal, Karnataka, India",True
2777,Kagina At Shahabad Bridge,River,KARNATAKA,2020,Unsafe,5.811,"BOD, Fecal Coliform",28.5,6.85,8.25,473.0,2.5,0.61,780.0,3250.0,,17.220367,77.3708457,"kagina shahabad, Karnataka, India",True
1198,Cauvery At Napokulu Bdg (D/S),River,KARNATAKA,2020,Unsafe,0.577,Fecal Coliform,23.5,7.35,7.65,109.5,1.4,0.5,51.5,310.0,,,,,False
33,"Cauvery At Krs Dam, Balamurikshetra",River,KARNATAKA,2020,Unsafe,4.174,Fecal Coliform,26.0,7.15,8.0,206.5,1.35,1.01,235.0,1045.0,,,,"cauvery krs balamurikshetra, Karnataka, India",False
1386,Cauvery At D/S Of Karekuara Village,River,KARNATAKA,2020,Unsafe,4.47,Fecal Coliform,25.0,7.0,7.9,209.5,1.5,2.1,295.0,1000.0,,12.9305838,77.6920571,"village, Karnataka, India",True
34,Cauvery At Sathyagalam Bridge,River,KARNATAKA,2020,Unsafe,4.609,Fecal Coliform,24.5,7.1,8.2,260.5,1.55,1.26,330.0,1160.0,,,,"cauvery sathyagalam, Karnataka, India",False
2773,Cauvery At Bannur Bridge,River,KARNATAKA,2020,Unsafe,4.426,Fecal Coliform,25.5,7.0,7.9,274.0,1.6,0.99,285.0,915.0,,12.3053048,76.6959064,"cauvery bannur, Karnataka, India",True
2774,Cauvery At Ranganathittu,River,KARNATAKA,2020,Unsafe,4.747,Fecal Coliform,25.5,6.75,7.85,242.0,1.75,1.605,370.0,1400.0,,12.4280703,76.653645,"ranganathittu, Karnataka, India",True
3566,Cauvery At Krs Dam Mandya,River,KARNATAKA,2020,Unsafe,3.989,Fecal Coliform,26.0,7.05,8.05,207.5,1.45,0.76,205.5,890.0,,12.6368939,76.7275477,"mandya, Karnataka, India",True
3570,Cauvery D/S Of Kr Nagar Bridge,River,KARNATAKA,2020,Unsafe,4.115,Fecal Coliform,26.0,7.05,7.9,288.0,1.5,1.91,225.0,1045.0,,12.9730088,77.5804711,"nagar, Karnataka, India",True
3571,Cauvery U/S Of Kr Nagar,River,KARNATAKA,2020,Unsafe,3.76,Fecal Coliform,25.5,7.05,7.85,279.0,1.6,1.62,175.5,915.0,,12.9730088,77.5804711,"nagar, Karnataka, India",True
3573,Cauvery D/S Of Kushalanagar Town,River,KARNATAKA,2020,Unsafe,1.613,Fecal Coliform,22.5,7.1,7.65,168.0,1.35,5.0,63.0,380.0,,13.1016788,77.5756532,"town, Karnataka, India",True
4109,Cauvery River Before Confluence At Sangam,River,KARNATAKA,2020,Unsafe,8.2,"BOD, Fecal Coliform",25.0,6.25,7.5,716.0,4.1,8.75,5510.5,80175.0,58.5,13.0059246,77.5789838,"sangam, Karnataka, India",True
4102,D/S Of Cauvery At Bhagamandala Bridge,River,KARNATAKA,2020,Unsafe,1.556,Fecal Coliform,23.0,6.9,7.75,89.0,1.55,0.3,62.0,330.0,,12.3813118,75.5157832,"cauvery bhagamandala, Karnataka, India",True
1166,"Shimsha At D/S Of Bridge, Halagur",River,KARNATAKA,2020,Unsafe,5.684,"DO, BOD, Fecal Coliform",26.5,5.8,8.0,708.0,3.2,3.855,485.0,2250.0,,,,,False
1200,"Shimsha At D/S Of Highway Bridge, Yediyar",River,KARNATAKA,2020,Unsafe,8.096,"BOD, Fecal Coliform",28.0,6.2,7.4,327.5,4.5,2.06,2329.0,17960.0,47.5,,,,False
3567,Shimsha D/S Near Madduar Town,River,KARNATAKA,2020,Unsafe,4.853,"BOD, Fecal Coliform",25.0,6.4,7.9,448.0,2.15,5.8,380.0,1850.0,,13.1016788,77.5756532,"town, Karnataka, India",True
1165,Arkavathi At D/S Of Kanakapura Town,River,KARNATAKA,2020,Unsafe,8.559,"DO, BOD, Nitrate, Fecal Coliform",26.0,5.25,7.2,1081.0,9.5,14.315,31740.0,271750.0,816.5,13.1016788,77.5756532,"town, Karnataka, India",True
2778,Arkavathi At T.G. Halli Reservoir,River,KARNATAKA,2020,Unsafe,8.095,"BOD, Fecal Coliform",28.85,8.55,7.3,1154.0,11.0,5.015,2321.5,27270.0,22.0,12.9392713,77.5722595,"reservoir, Karnataka, India",True
2779,"Arkavathi At Hesaraghatta Reservoir,",River,KARNATAKA,2020,Unsafe,8.44,"DO, BOD, Fecal Coliform",29.4,4.2,7.1,872.0,15.0,7.48,105470.0,802700.0,123.0,12.9392713,77.5722595,"reservoir, Karnataka, India",True
41,Kabini At Cause Way Sattur,River,KARNATAKA,2020,Unsafe,4.256,Fecal Coliform,25.0,6.65,7.85,346.0,1.85,2.8,250.0,1095.0,,15.4105056,75.0456504,"sattur, Karnataka, India",True
1197,"Kabini At Saragur Village D/S,",River,KARNATAKA,2020,Unsafe,4.23,Fecal Coliform,24.0,6.85,7.8,250.0,1.85,1.9,245.0,1120.0,,12.9422696,77.6253883,"village, Karnataka, India",True
1445,Kabini At Water Intake Of Kiadb At Nanjangud,River,KARNATAKA,2020,Unsafe,4.21,Fecal Coliform,24.0,6.95,7.7,285.0,1.8,1.2,241.5,1050.0,,12.1220681,76.6843409,"nanjangud, Karnataka, India",True
2775,"Kabini At Bathing Ghat, Nanjanagud",River,KARNATAKA,2020,Unsafe,5.345,"BOD, Fecal Coliform",24.0,6.15,7.75,306.5,2.4,2.1,525.0,1870.0,,,,"kabini bathing ghat nanjanagud, Karnataka, India",False
1196,Lakshmantirtha At D/S Of Hunsur Town,River,KARNATAKA,2020,Unsafe,5.647,"BOD, Fecal Coliform",24.5,6.4,7.85,393.5,2.5,1.55,665.0,3050.0,,13.1016788,77.5756532,"town, Karnataka, India",True
2772,"Lakshmantirtha At D/S Of Kattemalavadi,",River,KARNATAKA,2020,Unsafe,6.203,"BOD, Fecal Coliform",25.5,6.15,7.8,424.0,2.6,1.66,1105.0,3150.0,,12.3518289,76.2890432,"kattemalavadi, Karnataka, India",True
3564,Borewell Water Near Mangalijyothi School Msw Site Vammanjoor,Pond/Tank,KARNATAKA,2021,Unsafe,5.847,"BOD, Fecal Coliform",27.5,,7.0,158.5,3.0,5.77,466.0,940.0,,12.9169819,74.9005045,"vamanjoor, Karnataka, India",True
1444,"River Kali At D/S West Coast Paper Mill (Wcpm) ,",River,KARNATAKA,2021,Unsafe,2.1,BOD,27.0,7.6,7.4,85.5,2.6,0.92,48.5,142.5,,,,"kali west coast paper mill wcpm, Karnataka, India",False
2780,"River Kali At U/S Of Wcpm, Dandeli,",River,KARNATAKA,2021,Unsafe,1.4,BOD,26.5,7.5,7.25,85.0,2.4,0.17,37.0,117.5,,15.2490284,74.6236037,"dandeli, Karnataka, India",True
1894,River Kumaradhara - U/S Of Uppinagady Town Before Confluence With Nethravathi,River,KARNATAKA,2021,Unsafe,5.611,Fecal Coliform,28.5,7.35,7.15,133.0,2.0,2.45,820.0,865.0,,13.0898321,77.5424946,"nethravathi, Karnataka, India",True
3562,River Netravathi At Thumbe Water Supply Stations To Mangalore City,River,KARNATAKA,2021,Unsafe,5.597,Fecal Coliform,28.5,7.35,7.15,142.0,2.0,3.15,808.5,880.0,,13.0222347,77.5671832,"city, Karnataka, India",True
3563,River Netravathi At U/S Of Upiingady Town,River,KARNATAKA,2021,Unsafe,5.857,"BOD, Fecal Coliform",28.5,7.6,7.05,151.0,2.5,2.5,816.5,940.0,,13.1016788,77.5756532,"town, Karnataka, India",True
1892,River Netravathi U/S Of Dharmastala At Water Supply Intake Point,River,KARNATAKA,2021,Unsafe,5.6,Fecal Coliform,28.5,7.1,7.05,133.0,2.0,2.35,810.5,880.0,,12.9519571,75.3813122,"dharmastala, Karnataka, India",True
30051,River Godavari At Baser(Bangalore),River,KARNATAKA,2021,Safe,0.0,,,6.8,7.4,680.0,1.8,7.12,6.0,26.0,,12.9767936,77.590082,"bangalore, Karnataka, India",True
1891,River Manjeera At D/S In Intake Point To Bidar City,River,KARNATAKA,2021,Unsafe,5.248,"BOD, Fecal Coliform",27.0,6.5,7.95,500.0,2.5,0.34,460.0,2210.0,,13.0222347,77.5671832,"city, Karnataka, India",True
30055,River Manjeera At Janwada(Bangalore),River,KARNATAKA,2021,Unsafe,4.179,"BOD, Fecal Coliform",,,8.4,498.0,2.5,0.32,170.0,920.0,,12.9767936,77.590082,"bangalore, Karnataka, India",True
1889,River Krishna - Ankali Bridge Along Chikkodi Kagwad Road,River,KARNATAKA,2021,Unsafe,5.494,Fecal Coliform,26.5,6.45,8.15,518.0,1.9,4.6,730.0,1270.0,410.0,16.6960786,74.7187223,"kagwad, Karnataka, India",True
1182,"River Krishna At U/S Of Ugarkhurd Barrage,",River,KARNATAKA,2021,Unsafe,5.736,Fecal Coliform,27.5,6.65,8.05,520.0,1.9,4.305,930.0,1600.0,410.0,,,,False
2781,"River Krishna At D/S Of Alamatti Dam,",River,KARNATAKA,2021,Unsafe,5.494,Fecal Coliform,28.5,6.9,8.15,1138.0,1.9,3.93,730.0,1260.0,445.0,16.3451718,75.8923516,"alamatti, Karnataka, India",True
1181,"River Krishna At D/S Of Narayanpura Dam,",River,KARNATAKA,2021,Unsafe,5.494,Fecal Coliform,28.5,6.95,8.2,1461.0,1.85,3.465,730.0,1260.0,390.0,15.4559068,74.9922057,"krishna narayanpura, Karnataka, India",True
1028,"River Krishna At Tintini Bridge,",River,KARNATAKA,2021,Unsafe,5.229,"BOD, Fecal Coliform",28.0,7.3,8.15,978.0,2.8,0.35,397.0,1670.0,,,,,False
1170,"River Krishna At D/S Of Devasagar Bdg.,",River,KARNATAKA,2021,Unsafe,4.859,"BOD, Fecal Coliform",28.5,7.5,8.25,1011.0,2.5,0.3,330.0,1860.0,,,,,False
30056,River Krishna At Deodurga (Bangalore),River,KARNATAKA,2021,Unsafe,3.962,"BOD, Fecal Coliform",26.0,7.0,8.4,1290.0,2.5,0.3,170.0,920.0,,12.9767936,77.590082,"bangalore, Karnataka, India",True
30057,River Bhima At Gangapur (Bangalore),River,KARNATAKA,2021,Unsafe,5.95,"BOD, Fecal Coliform",29.0,7.4,8.3,1420.0,3.0,0.32,700.0,3500.0,,12.9767936,77.590082,"bangalore, Karnataka, India",True
1183,"River Bhima At D/S Of Road Bridge At Gangapur Village,",River,KARNATAKA,2021,Unsafe,5.865,"BOD, Fecal Coliform",29.0,7.4,7.7,1420.5,3.0,0.7,645.0,2950.0,,12.9305838,77.6920571,"village, Karnataka, India",True
1184,"River Bhima At Ferozabad Village (D/S),",River,KARNATAKA,2021,Unsafe,6.176,"BOD, Fecal Coliform",29.5,7.2,8.15,1274.0,2.9,1.2,920.0,5060.0,,12.9305838,77.6920571,"village, Karnataka, India",True
1167,"River Bhima At D/S Of Bdg. Near Yadgir,",River,KARNATAKA,2021,Unsafe,5.013,"BOD, Fecal Coliform",29.0,7.1,7.95,858.0,2.5,0.56,375.0,1860.0,,16.5744123,76.9254434,"yadgir, Karnataka, India",True
1888,River Bhima At Confluence Of Jewargi Town Sewage Disposal Point,River,KARNATAKA,2021,Unsafe,5.926,"BOD, Fecal Coliform",29.5,7.35,8.25,1196.0,2.5,0.955,875.0,3500.0,,13.3067379,77.6125389,"disposal, Karnataka, India",True
1163,"River Ghatprabha At W.A. Point To Gokak Town,",River,KARNATAKA,2021,Unsafe,5.494,Fecal Coliform,25.5,6.55,7.95,455.0,1.75,3.65,730.0,1260.0,380.0,13.1016788,77.5756532,"town, Karnataka, India",True
1185,"River Ghatprabha At D/S Of Mudhol Rd. Cross Bdg.,",River,KARNATAKA,2021,Unsafe,5.494,Fecal Coliform,20.5,6.05,8.15,974.0,1.95,3.85,730.0,1260.0,445.0,12.9529035,77.5158003,"cross, Karnataka, India",True
1187,"River Malprabha At D/S Of Khanapur Village,",River,KARNATAKA,2021,Unsafe,5.494,Fecal Coliform,25.5,7.6,7.8,319.0,1.95,6.31,730.0,1600.0,410.0,12.9305838,77.6920571,"village, Karnataka, India",True
1164,"River Malprabha At Water Abstr. Pt. To Hubli, Dharwar,",River,KARNATAKA,2021,Unsafe,5.494,Fecal Coliform,25.5,7.35,7.65,299.0,1.55,7.25,730.0,1260.0,410.0,15.4540505,75.0066516,"dharwar, Karnataka, India",True
1186,"River Malprabha At D/S Of Aihole Town,",River,KARNATAKA,2021,Unsafe,5.494,Fecal Coliform,19.0,6.6,8.4,984.0,1.95,4.65,730.0,1260.0,410.0,13.1016788,77.5756532,"town, Karnataka, India",True
2764,"River Malprabha At Badami Bridge,",River,KARNATAKA,2021,Unsafe,5.494,Fecal Coliform,18.5,6.35,8.05,982.0,1.95,4.25,730.0,1260.0,600.0,15.9203874,75.6807865,"badami, Karnataka, India",True
29,River Tungabhadra At Ullanur,River,KARNATAKA,2021,Unsafe,5.185,"BOD, Fecal Coliform",28.0,7.25,8.15,767.5,2.5,0.35,435.0,2210.0,2.0,,,,False
2767,"River Tungabhadra At U/S Of Hpf,",River,KARNATAKA,2021,Unsafe,2.043,BOD,26.0,7.0,8.0,349.0,2.55,0.55,,,,15.9648343,77.366508,"tungabhadra, Karnataka, India",True
2768,"River Tungabhadra At D/S Of Hpf,",River,KARNATAKA,2021,Unsafe,7.476,"DO, BOD",27.0,5.75,7.9,470.0,4.2,0.75,,,,15.9648343,77.366508,"tungabhadra, Karnataka, India",True
2769,"River Tungabhadra At Jackwell Point,",River,KARNATAKA,2021,Unsafe,4.086,BOD,27.5,6.0,7.8,380.0,3.1,0.41,,,,15.9648343,77.366508,"tungabhadra, Karnataka, India",True
3558,River Tungabhadra At Dadesugur Bridge Gauging Station,River,KARNATAKA,2021,Unsafe,5.465,"BOD, Fecal Coliform",29.0,7.3,8.0,1061.5,2.5,0.595,560.0,2550.0,,12.4235961,76.683307,"station, Karnataka, India",True
4494,River Tungabhadra At Mylara,River,KARNATAKA,2021,Unsafe,2.786,BOD,27.0,6.9,7.95,375.0,2.75,0.45,,,,12.9746645,77.5324339,"mylara, Karnataka, India",True
4495,River Tungabhadra At Aravi,River,KARNATAKA,2021,Unsafe,2.229,BOD,27.0,6.7,7.85,380.0,2.6,0.35,,,,,,,False
30054,River Tungabhadra At Hochechalli (Bangalore),River,KARNATAKA,2021,Unsafe,6.334,"BOD, Fecal Coliform",,7.0,8.4,1563.0,3.6,0.7,280.0,1600.0,,12.9767936,77.590082,"bangalore, Karnataka, India",True
2770,"River Tungabhadra At Harihar Water Supply Intake,",River,KARNATAKA,2021,Unsafe,6.5,BOD,26.0,6.25,7.7,396.0,3.75,0.8,,,,14.5116874,75.809288,"harihar, Karnataka, India",True
2776,"River Tungabhadra At D/S Of Gangawathi,",River,KARNATAKA,2021,Unsafe,4.971,"BOD, Fecal Coliform",28.0,7.5,8.1,470.0,2.5,0.3,362.0,1670.0,,,,,False
2766,"River Tungabhadra At New Bridge,",River,KARNATAKA,2021,Unsafe,1.857,BOD,26.0,7.15,7.95,329.5,2.5,0.55,,,,15.9648343,77.366508,"tungabhadra, Karnataka, India",True
38,River Tungabhadra At Honnali Bridge,River,KARNATAKA,2021,Unsafe,5.2,BOD,27.0,7.1,7.8,329.0,3.4,0.3,,,,14.2389785,75.6457434,"honnali, Karnataka, India",True
1029,"River Tungabhadra At Haralahalli Bridge,",River,KARNATAKA,2021,Unsafe,2.229,BOD,27.5,6.9,8.0,380.0,2.6,0.365,,,,13.0236469,76.0551085,"haralahalli, Karnataka, India",True
1168,"River Tunga At D/S Of Shimoga Town,",River,KARNATAKA,2021,Unsafe,7.429,BOD,27.5,6.2,7.35,275.0,4.15,0.8,,,,13.1016788,77.5756532,"town, Karnataka, India",True
1896,River Tungabhadra At Confluence Point Of Tunga And Bhadra At Kudli,River,KARNATAKA,2021,Unsafe,3.714,BOD,28.5,7.05,7.9,188.5,3.0,0.56,,,,18.1124192,77.3351885,"kudli, Karnataka, India",True
1091,River Bhadra At Malleswaram D/S Of Kiocl,River,KARNATAKA,2021,Safe,0.0,,25.0,6.95,6.8,88.0,1.4,0.3,30.0,200.0,,13.2097914,75.2503201,"kiocl, Karnataka, India",True
1387,"River Bhadra At D/S Of Bhadravathi,",River,KARNATAKA,2021,Unsafe,7.505,"DO, BOD",28.5,5.6,7.6,250.0,4.9,0.71,,,,13.8363715,75.6447514,"bhadra bhadravathi, Karnataka, India",True
1169,"River Bhadra At D/S Of Kiocl Road Bridge, Near Holehunnur,",River,KARNATAKA,2021,Unsafe,2.971,BOD,28.0,6.4,7.75,240.5,2.8,0.66,,,,,,,False
2765,"River Bhadra At U/S Of Mpm,",River,KARNATAKA,2021,Unsafe,1.114,BOD,28.5,6.35,7.7,220.0,2.3,0.67,,,,13.4893942,75.5273902,"bhadra, Karnataka, India",True
2771,"River Bhadra At U/S Of Kiocl,",River,KARNATAKA,2021,Safe,0.0,,24.5,7.05,6.75,83.0,1.3,0.3,27.0,195.0,,13.2097914,75.2503201,"kiocl, Karnataka, India",True
1895,River Kagina D/S Of Sewage Disposal Point,River,KARNATAKA,2021,Unsafe,6.313,"BOD, Fecal Coliform",29.5,7.55,8.1,594.5,2.55,0.9,1275.0,5400.0,,13.3067379,77.6125389,"disposal, Karnataka, India",True
2777,"River Kagina At Shahabad Bridge,",River,KARNATAKA,2021,Unsafe,5.296,"BOD, Fecal Coliform",30.0,7.35,7.75,597.5,2.5,0.7,480.0,2210.0,,17.220367,77.3708457,"kagina shahabad, Karnataka, India",True
1198,"River Cauvery At Napokulu Bdg (D/S),",River,KARNATAKA,2021,Safe,0.0,,21.0,7.15,7.55,92.0,1.25,0.65,35.0,245.0,,,,,False
1195,"River Cauvery At Kushal Nagar U/S (Near Baichanahalli),",River,KARNATAKA,2021,Safe,0.0,,23.0,6.75,7.6,99.5,1.6,3.29,45.5,380.0,,12.4540512,75.9538266,"baichanahalli, Karnataka, India",True
33,"River Cauvery At Krs Dam, Balamurikshetra",River,KARNATAKA,2021,Unsafe,4.283,Fecal Coliform,23.0,6.7,8.05,206.5,1.75,1.605,255.0,1170.0,,,,,False
1171,"River Cauvery At Sri Rangapattanna, D/S Of Road Bdg.,",River,KARNATAKA,2021,Unsafe,4.802,"BOD, Fecal Coliform",25.0,6.3,8.15,283.0,2.5,2.28,315.0,1850.0,,,,,False
1386,"River Cauvery At D/S Of Karekuara Village,",River,KARNATAKA,2021,Unsafe,4.47,Fecal Coliform,23.0,6.65,7.85,212.0,1.85,1.75,295.0,1250.0,,12.9305838,77.6920571,"village, Karnataka, India",True
34,River Cauvery At Sathyagalam Bridge,River,KARNATAKA,2021,Unsafe,4.381,Fecal Coliform,24.0,6.7,8.0,280.0,1.95,1.75,275.0,1250.0,,,,,False
2773,"River Cauvery At Bannur Bridge,",River,KARNATAKA,2021,Unsafe,4.115,Fecal Coliform,23.0,6.4,8.25,277.0,2.0,1.5,225.0,1170.0,,12.3053048,76.6959064,"cauvery bannur, Karnataka, India",True
2774,"River Cauvery At Ranganathittu,",River,KARNATAKA,2021,Unsafe,4.209,"BOD, Fecal Coliform",24.0,6.4,8.15,232.5,2.25,1.94,220.0,1200.0,,12.4280703,76.653645,"ranganathittu, Karnataka, India",True
3566,River Cauvery At Krs Dam Mandya,River,KARNATAKA,2021,Unsafe,3.764,Fecal Coliform,23.0,6.85,8.0,196.0,1.35,1.2,176.0,735.0,,12.6368939,76.7275477,"mandya, Karnataka, India",True
3568,River Cauvery At Water Supply Intake Point To Srirangapatna Town,River,KARNATAKA,2021,Unsafe,4.23,Fecal Coliform,25.0,6.6,8.05,225.5,1.9,1.86,245.0,1320.0,,13.1016788,77.5756532,"town, Karnataka, India",True
3569,River Cauvery At Water Supply Intake Point To Mandya Town,River,KARNATAKA,2021,Unsafe,4.308,Fecal Coliform,24.5,6.55,8.2,227.0,2.0,1.84,260.0,1300.0,,13.1016788,77.5756532,"town, Karnataka, India",True
3570,River Cauvery D/S Of Kr Nagar Bridge,River,KARNATAKA,2021,Unsafe,3.768,Fecal Coliform,23.5,6.4,8.0,286.0,1.9,1.75,176.5,965.0,,12.9730088,77.5804711,"nagar, Karnataka, India",True
3571,River Cauvery U/S Of Kr Nagar,River,KARNATAKA,2021,Unsafe,2.721,Fecal Coliform,23.5,6.85,8.1,281.0,1.4,1.05,96.5,760.0,,12.9730088,77.5804711,"nagar, Karnataka, India",True
3573,River Cauvery D/S Of Kushalanagar Town,River,KARNATAKA,2021,Safe,0.0,,23.0,6.85,7.75,402.5,1.6,3.4,34.0,335.0,,13.1016788,77.5756532,"town, Karnataka, India",True
3574,River Cauvery At Water Supply Intake Point To Madikeri Town,River,KARNATAKA,2021,Safe,0.0,,21.5,7.15,7.5,79.0,1.25,0.59,27.5,245.0,,13.1016788,77.5756532,"town, Karnataka, India",True
3576,River Cauvery At Water Supply Intake Point To Mysore Pump House,River,KARNATAKA,2021,Unsafe,2.803,Fecal Coliform,23.5,6.9,8.1,232.0,1.25,1.34,100.5,735.0,,12.967488,77.7143126,"house, Karnataka, India",True
3578,River Cauvery D/S Of Maddur Water Supply Treatment Plant At Bachalli,River,KARNATAKA,2021,Unsafe,4.023,Fecal Coliform,24.0,6.45,8.05,272.5,1.9,2.3,210.5,1100.0,,12.6720777,75.7562095,"bachalli, Karnataka, India",True
3579,River Cauvery At Water Supply Intake Point At Kollegala Dasanapura,River,KARNATAKA,2021,Unsafe,4.426,Fecal Coliform,23.0,6.55,8.0,286.5,2.0,1.805,285.0,1400.0,,12.7467724,77.7742876,"dasanapura, Karnataka, India",True
3581,River Cauvery At Water Supply Intake Point At T K Halli,River,KARNATAKA,2021,Unsafe,3.623,Fecal Coliform,24.0,6.45,7.85,269.5,2.0,2.0,160.5,915.0,,17.8401056,76.8684901,"halli, Karnataka, India",True
4109,River Cauvery Before Confluence At Sangam,River,KARNATAKA,2021,Unsafe,8.207,"DO, BOD, Fecal Coliform",25.0,5.95,7.6,423.0,4.0,1.35,7075.0,46800.0,34.0,13.0059246,77.5789838,"sangam, Karnataka, India",True
4099,"River Cauvery D/S Barachuki Falls, Sathegala, Kollegala",River,KARNATAKA,2021,Unsafe,3.666,Fecal Coliform,23.0,6.45,8.2,300.5,1.75,2.05,165.0,1070.0,,12.170079,77.1462741,"kollegala, Karnataka, India",True
4101,"River Gundal At Gundal Reservoir, Kollegala Tq & Chamarajanagara Dist",River,KARNATAKA,2021,Unsafe,2.852,Fecal Coliform,22.5,7.1,7.75,140.0,1.15,0.65,103.0,525.0,,12.5947183,75.4415106,"dist, Karnataka, India",True
4102,River Cauvery D/S At Bhagamandala Bridge,River,KARNATAKA,2021,Unsafe,1.927,DO,21.0,4.3,7.5,71.0,1.4,0.525,30.0,245.0,,12.3813118,75.5157832,"cauvery bhagamandala, Karnataka, India",True
4103,"River Cauvery D/S At Kanive Ramalingeswara Temple Bridge, Kushalnagar",River,KARNATAKA,2021,Safe,0.0,,23.5,6.8,7.75,107.5,1.55,1.05,28.5,295.0,,12.4585525,75.961437,"kushalnagar, Karnataka, India",True
30052,River Cauvery At Ajjibore (Bangalore),River,KARNATAKA,2021,Unsafe,6.283,Fecal Coliform,24.0,9.65,8.45,359.0,1.4,0.57,1666.5,5315.0,,12.9767936,77.590082,"bangalore, Karnataka, India",True
1893,River Yagachi Near Pumping Station. Hassan City,River,KARNATAKA,2021,Unsafe,4.835,"DO, BOD, Fecal Coliform",24.0,5.15,7.4,385.0,2.3,0.3,320.0,2450.0,,13.0222347,77.5671832,"city, Karnataka, India",True
1199,River Hemavati At D/S Of Holenarasipura Town At Ramadevala Weir,River,KARNATAKA,2021,Unsafe,3.198,Fecal Coliform,25.5,6.5,7.2,150.0,1.5,0.3,124.0,900.0,,13.4143896,74.7645804,"weir, Karnataka, India",True
1166,"River Shimsha At D/S Of Bridge, Halagur,",River,KARNATAKA,2021,Unsafe,5.72,"DO, BOD, Fecal Coliform",24.5,5.7,8.45,542.5,3.4,2.95,350.0,1950.0,,,,,False
1200,"River Shimsha At D/S Of Highway Bridge, Yediyar,",River,KARNATAKA,2021,Unsafe,8.2,"BOD, Fecal Coliform",25.0,6.6,7.0,349.5,4.5,0.9,8100.0,88000.0,91.5,,,,False
3567,River Shimsha D/S Near Madduar Town,River,KARNATAKA,2021,Unsafe,4.796,"DO, BOD, Fecal Coliform",25.5,5.9,7.8,449.0,3.0,1.9,255.0,1600.0,,13.1016788,77.5756532,"town, Karnataka, India",True
3580,River Shimsha At Water Supply Intake Point At Madduar,River,KARNATAKA,2021,Unsafe,3.527,Fecal Coliform,24.0,6.5,8.05,280.0,2.0,2.35,151.0,1045.0,,,,,False
1165,"River Arkavathi At D/S Of Kanakapura Town,",River,KARNATAKA,2021,Unsafe,8.573,"DO, BOD, Fecal Coliform",25.0,3.2,6.95,1178.0,21.5,4.0,47650.0,278000.0,812.0,13.1016788,77.5756532,"town, Karnataka, India",True
2778,"River Arkavathi At T.G. Halli Reservoir,",River,KARNATAKA,2021,Unsafe,9.013,"DO, BOD, Nitrate, Fecal Coliform",25.0,4.4,6.9,1057.0,13.0,24.81,60245.0,461750.0,120.5,12.9392713,77.5722595,"reservoir, Karnataka, India",True
2779,"River Arkavathi At Hesaraghatta Reservoir,",River,KARNATAKA,2021,Unsafe,8.26,"DO, BOD, Fecal Coliform",25.0,5.55,6.85,310.5,5.0,1.85,1000000.0,5000000.0,46.5,12.9392713,77.5722595,"reservoir, Karnataka, India",True
4108,River Akravathi Before Confluence At Sangam,River,KARNATAKA,2021,Unsafe,8.253,"DO, BOD, Fecal Coliform",25.0,5.6,7.55,1016.5,5.1,1.65,8695.0,81050.0,31.5,13.0059246,77.5789838,"sangam, Karnataka, India",True
41,River Kabini At Cause Way Sattur,River,KARNATAKA,2021,Unsafe,3.996,Fecal Coliform,24.5,6.45,8.05,322.5,1.95,2.1,206.5,1145.0,,15.4105056,75.0456504,"sattur, Karnataka, India",True
1197,"River Kabini At Saragur Village D/S,",River,KARNATAKA,2021,Unsafe,3.914,Fecal Coliform,24.5,6.55,7.75,226.5,1.9,0.76,195.0,1070.0,,12.9305838,77.6920571,"village, Karnataka, India",True
1445,"River Kabini At Water Intake Of Kiadb At Nanjangud,",River,KARNATAKA,2021,Unsafe,3.286,Fecal Coliform,24.0,6.85,7.9,200.5,1.5,1.2,130.5,965.0,,12.1220681,76.6843409,"nanjangud, Karnataka, India",True
2775,"River Kabini At Bathing Ghat, Nanjanagud",River,KARNATAKA,2021,Unsafe,5.691,"DO, BOD, Fecal Coliform",23.5,5.95,7.95,277.5,2.9,3.05,570.0,2350.0,,,,,False
3575,River Kabini U/S Intake Point To Nanjanagud & Gundlupet At Debur,River,KARNATAKA,2021,Unsafe,3.992,Fecal Coliform,23.5,6.65,8.15,199.5,1.75,1.45,206.0,1050.0,,,,,False
3577,River Kabini At Water Supply Intake Point To T. Narasipura,River,KARNATAKA,2021,Unsafe,4.821,"BOD, Fecal Coliform",25.0,6.2,8.05,317.0,2.5,2.505,320.0,1950.0,,13.2702874,77.2346786,"narasipura, Karnataka, India",True
1196,"River Lakshmantirtha At D/S Of Hunsur Town,",River,KARNATAKA,2021,Unsafe,7.983,"DO, BOD, Fecal Coliform",24.0,5.45,7.6,606.5,4.2,2.7,705.0,2200.0,,13.1016788,77.5756532,"town, Karnataka, India",True
2772,River Lakshmantirtha At D/S Of Kattemalavadi,River,KARNATAKA,2021,Unsafe,7.975,"DO, BOD, Fecal Coliform",25.0,5.5,7.8,598.0,4.55,3.3,700.0,2450.0,,12.3518289,76.2890432,"kattemalavadi, Karnataka, India",True
3572,River Lakshmantirtha At Water Supply Intake Point To Hunsur Town,River,KARNATAKA,2021,Unsafe,7.407,"DO, BOD, Fecal Coliform",24.0,5.6,7.85,610.0,3.85,2.75,590.0,2250.0,,13.1016788,77.5756532,"town, Karnataka, India",True
4100,"River Suvaranvathi Reservoir, Attigullipura Chamarajanagar",River,KARNATAKA,2021,Unsafe,3.212,Fecal Coliform,22.0,7.1,7.85,150.0,1.2,0.75,125.0,530.0,,11.9544201,77.1069086,"chamarajanagar, Karnataka, India",True
4107,"River Dakshina Pinakini Near Mugalur Bridge Mugalur, Bengaluru",River,KARNATAKA,2021,Unsafe,8.607,"DO, BOD, Fecal Coliform",25.0,2.95,7.0,1055.5,58.0,9.65,1000000.0,5000000.0,839.5,12.9767936,77.590082,"bengaluru, Karnataka, India",True
3564,Borewell Water Near Mangalijyothi School Msw Site Vammanjoor,Pond/Tank,KARNATAKA,2022,Unsafe,3.779,"BOD, Fecal Coliform",27.5,,7.2,179.0,3.0,3.255,52.5,530.0,,12.9169819,74.9005045,"vamanjoor, Karnataka, India",True
2780,"River Kali At U/S Of Wcpm, Dandeli",River,KARNATAKA,2022,Unsafe,1.535,"BOD, Fecal Coliform",25.5,7.55,7.1,77.0,2.4,0.32,53.0,117.0,27.0,15.2490284,74.6236037,"dandeli, Karnataka, India",True
1444,River Kali At D/S West Coast Paper Mill (Wcpm),River,KARNATAKA,2022,Unsafe,2.406,"BOD, Fecal Coliform",26.5,7.55,7.1,92.0,2.6,0.32,67.5,139.5,45.0,,,,False
1894,River Kumaradhara U/S Of Uppinagady Town Before Confluence With Nethravathi,River,KARNATAKA,2022,Unsafe,0.335,Fecal Coliform,28.5,7.3,7.5,147.5,2.0,1.51,50.5,340.0,,13.0898321,77.5424946,"nethravathi, Karnataka, India",True
3562,River Netravathi At Thumbe Water Supply Stations To Mangalore City,River,KARNATAKA,2022,Unsafe,1.173,Fecal Coliform,28.0,7.15,7.35,158.0,2.0,1.895,56.5,480.0,,13.0222347,77.5671832,"city, Karnataka, India",True
3563,River Netravathi At U/S Of Uppinangadi Town,River,KARNATAKA,2022,Unsafe,3.709,"BOD, Fecal Coliform",28.5,7.1,7.55,148.0,3.0,1.87,57.5,435.0,,13.1016788,77.5756532,"town, Karnataka, India",True
1892,River Netravathi U/S Of Dharmastala At Water Supply Intake Point,River,KARNATAKA,2022,Unsafe,1.214,Fecal Coliform,28.5,7.25,7.45,146.0,2.0,1.515,57.0,480.0,,12.9519571,75.3813122,"dharmastala, Karnataka, India",True
30051,River Godavari At Baser(Bangalore),River,KARNATAKA,2022,Unsafe,1.486,BOD,,6.9,7.48,710.0,2.4,7.0,,22.0,,12.9767936,77.590082,"bangalore, Karnataka, India",True
1891,River Manjeera At D/S Intake Point To Bidar City,River,KARNATAKA,2022,Unsafe,3.356,"BOD, Fecal Coliform",33.5,6.3,8.05,577.5,2.1,0.55,132.0,730.0,,13.0222347,77.5671832,"city, Karnataka, India",True
30055,River Manjeera At Janwada(Bangalore),River,KARNATAKA,2022,Unsafe,3.454,"BOD, Fecal Coliform",28.0,8.1,7.6,532.0,2.1,4.22,140.0,900.0,,12.9767936,77.590082,"bangalore, Karnataka, India",True
1889,River Krishna - Ankali Bridge Along Chikkodi Kagwad Road,River,KARNATAKA,2022,Unsafe,7.491,"Nitrate, Fecal Coliform",27.0,7.3,8.205,576.0,1.7,23.835,635.0,1600.0,390.0,16.6960786,74.7187223,"kagwad, Karnataka, India",True
1182,River Krishna At U/S Of Ugarkhurd Barrage,River,KARNATAKA,2022,Unsafe,7.491,"Nitrate, Fecal Coliform",28.5,7.7,8.285,546.0,1.75,23.15,635.0,1260.0,390.0,,,,False
2781,River Krishna At D/S Of Alamatti Dam,River,KARNATAKA,2022,Unsafe,5.234,Fecal Coliform,31.5,6.6,8.15,731.0,2.0,2.675,570.0,1260.0,355.0,16.3451718,75.8923516,"alamatti, Karnataka, India",True
1028,River Krishna At Tintini Bridge,River,KARNATAKA,2022,Unsafe,8.096,"BOD, Fecal Coliform",29.5,7.7,7.85,846.0,4.0,2.44,2335.0,17675.0,50.0,,,,False
1170,River Krishna At D/S Of Devasagar Bdg.,River,KARNATAKA,2022,Unsafe,8.079,"BOD, Fecal Coliform",29.0,7.9,7.925,927.0,4.5,3.34,2065.0,46250.0,90.0,,,,False
2763,River Krishna At Asangi Village (Jamakandi Village),River,KARNATAKA,2022,Unsafe,7.126,"Nitrate, Fecal Coliform",22.0,8.55,8.47,642.5,2.0,19.43,675.0,1600.0,445.0,12.9305838,77.6920571,"village, Karnataka, India",True
30056,River Krishna At Deodurga (Bangalore),River,KARNATAKA,2022,Unsafe,7.33,"Nitrate, Fecal Coliform",26.0,8.9,8.325,782.0,2.0,37.0,275.0,1900.0,,12.9767936,77.590082,"bangalore, Karnataka, India",True
30057,River Bhima At Gangapur (Bangalore),River,KARNATAKA,2022,Unsafe,5.044,"BOD, Fecal Coliform",27.5,8.9,7.9,1276.5,2.5,2.94,385.0,2000.0,,12.9767936,77.590082,"bangalore, Karnataka, India",True
1183,River Bhima At D/S Of Road Bridge At Gangapur Village,River,KARNATAKA,2022,Unsafe,8.182,"BOD, Fecal Coliform",28.5,7.5,7.95,1506.0,11.0,5.97,4375.0,80800.0,,12.9305838,77.6920571,"village, Karnataka, India",True
1184,River Bhima At Ferozabad Village (D/S),River,KARNATAKA,2022,Unsafe,8.2,"BOD, Fecal Coliform",28.5,7.4,7.835,1435.5,5.0,5.79,23085.0,420450.0,,12.9305838,77.6920571,"village, Karnataka, India",True
1167,River Bhima At D/S Of Bdg. Near Yadgir,River,KARNATAKA,2022,Unsafe,5.415,"BOD, Fecal Coliform",30.5,6.85,8.35,1106.5,2.5,0.35,535.0,2550.0,170.0,16.5744123,76.9254434,"yadgir, Karnataka, India",True
1888,River Bhima At Confluence Of Jewargi Town Sewage Disposal Point,River,KARNATAKA,2022,Unsafe,7.7,"BOD, Fecal Coliform",28.5,7.6,7.97,1030.5,3.0,2.9,24620.0,2700800.0,,13.3067379,77.6125389,"disposal, Karnataka, India",True
1185,River Ghataprabha At D/S Of Mudhol Road Cross Bdg.,River,KARNATAKA,2022,Unsafe,7.491,"Nitrate, Fecal Coliform",22.5,8.6,7.915,952.0,2.0,22.96,635.0,1260.0,390.0,12.9529035,77.5158003,"cross, Karnataka, India",True
1163,River Ghataprabha At W.A. Point To Gokak Town,River,KARNATAKA,2022,Unsafe,7.491,"Nitrate, Fecal Coliform",27.0,7.0,7.99,425.0,2.0,22.465,635.0,1260.0,380.0,13.1016788,77.5756532,"town, Karnataka, India",True
4104,River Ghatprabha Davalshwar Barrage Jackwell For Drinking Water Supply,River,KARNATAKA,2022,Unsafe,7.516,"BOD, Nitrate, Fecal Coliform",22.0,7.65,8.375,674.0,2.05,24.08,635.0,1600.0,410.0,12.0093072,76.4070907,"drinking, Karnataka, India",True
1187,River Malprabha At D/S Of Khanapur Village,River,KARNATAKA,2022,Unsafe,5.601,"Nitrate, Fecal Coliform",26.0,6.5,8.05,266.0,2.0,11.785,730.0,1260.0,380.0,12.9305838,77.6920571,"village, Karnataka, India",True
1164,"River Malaprabha At Water Abstraction Point To Hubli, Dharwad",River,KARNATAKA,2022,Unsafe,5.413,Fecal Coliform,25.0,6.8,8.3,370.0,1.5,9.435,675.0,1260.0,345.0,15.3707296,75.1332867,"dharwad, Karnataka, India",True
1186,River Malaprabha At D/S Of Aihole Town,River,KARNATAKA,2022,Unsafe,7.422,"BOD, Nitrate, Fecal Coliform",22.5,7.8,8.23,853.0,2.3,19.53,1095.0,2400.0,660.0,13.1016788,77.5756532,"town, Karnataka, India",True
2764,River Malaprabha At Badami Bridge,River,KARNATAKA,2022,Unsafe,7.434,"BOD, Nitrate, Fecal Coliform",21.5,8.1,8.21,916.5,2.3,19.54,1135.0,2400.0,680.0,15.9203874,75.6807865,"badami, Karnataka, India",True
1029,River Tungabhadra At Haralahalli Bridge,River,KARNATAKA,2022,Unsafe,3.725,"BOD, Fecal Coliform",28.55,7.7,7.79,419.5,2.75,5.6,135.5,610.0,,13.0236469,76.0551085,"haralahalli, Karnataka, India",True
3558,River Tungabhadra At Dadesugur Bridge Gauging Station,River,KARNATAKA,2022,Unsafe,7.816,"BOD, Fecal Coliform",30.0,7.5,7.85,1157.0,4.0,5.72,420.0,8085.0,40.0,12.4235961,76.683307,"station, Karnataka, India",True
29,River Tungabhadra At Ulenoor,River,KARNATAKA,2022,Unsafe,7.917,"DO, BOD, Fecal Coliform",29.5,5.4,8.165,578.5,8.5,7.64,470.5,1505.0,902.0,,,,False
38,River Tungabhadra At Honnali Bridge,River,KARNATAKA,2022,Unsafe,2.62,"BOD, Fecal Coliform",27.0,7.15,7.75,389.0,2.55,2.1,81.5,520.0,,14.2389785,75.6457434,"honnali, Karnataka, India",True
2767,River Tungabhadra At U/S Of Harihar Polyfibers,River,KARNATAKA,2022,Unsafe,3.921,"BOD, Fecal Coliform",27.05,7.35,7.625,326.0,2.5,2.6,165.5,920.0,,14.5313765,75.7863641,"polyfibers, Karnataka, India",True
2768,River Tungabhadra At D/S Of Harihar Polyfibers,River,KARNATAKA,2022,Unsafe,7.706,"DO, BOD, Fecal Coliform",28.15,5.45,7.58,740.0,5.5,2.8,179.5,1465.0,,14.5313765,75.7863641,"polyfibers, Karnataka, India",True
2769,River Tungabhadra At Jackwell Point,River,KARNATAKA,2022,Unsafe,3.153,"BOD, Fecal Coliform",28.15,6.15,7.69,392.0,2.7,2.7,100.5,591.0,,15.9648343,77.366508,"tungabhadra, Karnataka, India",True
2770,River Tungabhadra At Harihar Water Supply Intake,River,KARNATAKA,2022,Unsafe,6.935,"BOD, Fecal Coliform",27.1,6.05,7.415,404.0,3.7,2.8,1112.0,7135.0,,14.5116874,75.809288,"harihar, Karnataka, India",True
2776,River Tungabhadra At D/S Of Gangawathi,River,KARNATAKA,2022,Unsafe,7.913,"DO, BOD, Nitrate, Fecal Coliform",31.5,5.95,8.165,464.0,11.0,10.46,589.5,1470.0,1085.0,,,,False
2766,River Tungabhadra At New Bridge,River,KARNATAKA,2022,Unsafe,3.868,"BOD, Fecal Coliform",27.6,7.1,7.63,347.5,2.2,2.6,176.5,747.0,,15.9648343,77.366508,"tungabhadra, Karnataka, India",True
30054,River Tungabhadra At Hochechalli (Bangalore),River,KARNATAKA,2022,Unsafe,5.415,"BOD, Fecal Coliform",25.5,9.05,8.3,749.0,2.5,1.78,535.0,3500.0,,12.9767936,77.590082,"bangalore, Karnataka, India",True
4495,River Tungabhadra At Aravi,River,KARNATAKA,2022,Unsafe,3.417,"BOD, Fecal Coliform",28.65,7.7,7.845,408.0,2.85,7.4,93.5,520.0,,,,"tungabhadra aravi, Karnataka, India",False
4494,River Tungabhadra At Mylara,River,KARNATAKA,2022,Unsafe,4.923,"BOD, Fecal Coliform",30.15,7.5,7.745,405.0,2.35,4.5,370.5,1654.5,,12.9746645,77.5324339,"mylara, Karnataka, India",True
1896,River Tungabhadra At Confluence Point Of Tunga And Bhadra At Kudli,River,KARNATAKA,2022,Unsafe,3.542,"BOD, Fecal Coliform",26.0,7.25,7.53,203.0,2.05,2.3,150.0,635.0,,18.1124192,77.3351885,"kudli, Karnataka, India",True
1168,River Tunga At D/S Of Shimoga Town,River,KARNATAKA,2022,Unsafe,6.262,"DO, BOD, Fecal Coliform",25.5,5.85,7.45,181.0,3.0,2.3,935.0,2660.0,,13.1016788,77.5756532,"town, Karnataka, India",True
1091,River Bhadra At Malleswaram D/S Of Kiocl,River,KARNATAKA,2022,Safe,0.0,,24.5,7.0,7.35,109.0,1.6,,27.0,215.0,,13.2097914,75.2503201,"kiocl, Karnataka, India",True
1387,River Bhadra At D/S Of Bhadravathi,River,KARNATAKA,2022,Unsafe,5.606,"BOD, Fecal Coliform",26.5,7.15,7.435,241.0,2.6,2.9,610.0,2210.0,,13.8363715,75.6447514,"bhadra bhadravathi, Karnataka, India",True
1169,"River Bhadra At D/S Of Kiocl Road Bridge, Near Holehunnur",River,KARNATAKA,2022,Unsafe,5.004,"BOD, Fecal Coliform",26.5,7.1,7.56,228.5,2.2,3.1,423.5,1860.0,,,,,False
2765,River Bhadra At U/S Of Mpm,River,KARNATAKA,2022,Unsafe,3.647,Fecal Coliform,25.5,6.55,7.585,190.0,1.95,3.9,163.0,820.0,,13.4893942,75.5273902,"bhadra, Karnataka, India",True
2771,River Bhadra At U/S Of Kiocl,River,KARNATAKA,2022,Safe,0.0,,24.5,7.15,7.3,99.5,1.5,,23.0,180.0,,13.2097914,75.2503201,"kiocl, Karnataka, India",True
1895,River Kagina D/S Of Sewage Disposal Point,River,KARNATAKA,2022,Unsafe,7.3,"BOD, Fecal Coliform",30.0,7.45,7.94,572.5,2.2,3.0,6140.0,80800.0,,13.3067379,77.6125389,"disposal, Karnataka, India",True
2777,River Kagina At Shahabad Bridge,River,KARNATAKA,2022,Unsafe,7.7,"BOD, Fecal Coliform",30.0,7.3,7.85,528.5,3.0,2.81,16585.0,175460.0,,17.220367,77.3708457,"kagina shahabad, Karnataka, India",True
4500,"River Kagina At D/S Of Bridge Cum Barrage, Sadem",River,KARNATAKA,2022,Unsafe,7.575,"BOD, Fecal Coliform",28.0,6.75,7.65,462.5,2.75,2.29,47039.5,800270.0,,,,,False
1198,River Cauvery At Napokulu Bdg (D/S),River,KARNATAKA,2022,Safe,0.0,,22.0,7.0,7.55,105.5,1.6,0.64,28.0,245.0,,,,,False
1195,River Cauvery At Kushal Nagar U/S (Near Baichanahalli),River,KARNATAKA,2022,Safe,0.0,,22.0,6.95,7.75,104.0,1.6,0.88,36.5,320.0,,12.4540512,75.9538266,"baichanahalli, Karnataka, India",True
1171,"River Cauvery At Sri Rangapattanna, D/S Of Road Bdg.",River,KARNATAKA,2022,Unsafe,4.584,"BOD, Fecal Coliform",26.0,6.35,8.2,270.5,3.0,2.02,220.0,1650.0,,,,,False
1386,River Cauvery At D/S Of Karekuara Village,River,KARNATAKA,2022,Unsafe,3.733,"BOD, Fecal Coliform",24.0,6.7,8.2,267.0,2.2,1.41,161.5,950.0,,12.9305838,77.6920571,"village, Karnataka, India",True
34,River Cauvery At Sathyagalam Bridge,River,KARNATAKA,2022,Unsafe,3.877,Fecal Coliform,24.5,6.5,8.25,344.5,2.0,1.75,190.0,1250.0,,,,"cauvery sathyagalam, Karnataka, India",False
2773,River Cauvery At Bannur Bridge,River,KARNATAKA,2022,Unsafe,3.722,"BOD, Fecal Coliform",27.0,6.65,8.0,341.5,2.4,1.29,150.5,1020.0,,12.3053048,76.6959064,"cauvery bannur, Karnataka, India",True
2774,River Cauvery At Ranganathittu,River,KARNATAKA,2022,Unsafe,3.962,"BOD, Fecal Coliform",24.5,6.45,8.2,284.0,2.5,1.94,170.0,1300.0,,12.4280703,76.653645,"ranganathittu, Karnataka, India",True
3566,River Cauvery At Krs Dam Mandya,River,KARNATAKA,2022,Unsafe,2.205,Fecal Coliform,24.5,6.85,8.3,247.0,1.85,1.205,77.0,710.0,,12.6368939,76.7275477,"mandya, Karnataka, India",True
3568,River Cauvery At Water Supply Intake Point To Srirangapatna,River,KARNATAKA,2022,Unsafe,4.214,"BOD, Fecal Coliform",25.5,6.4,8.25,263.5,2.9,1.92,176.0,1220.0,,12.4226442,76.6849312,"srirangapatna, Karnataka, India",True
3569,River Cauvery At Water Supply Intake Point To Mandya Town,River,KARNATAKA,2022,Unsafe,3.993,"BOD, Fecal Coliform",25.5,6.4,8.25,264.5,2.75,1.83,160.0,1200.0,,13.1016788,77.5756532,"town, Karnataka, India",True
3570,River Cauvery D/S Of Kr Nagar Bridge,River,KARNATAKA,2022,Unsafe,3.357,"BOD, Fecal Coliform",25.0,6.5,8.15,255.5,2.25,2.3,126.5,1050.0,,12.9730088,77.5804711,"nagar, Karnataka, India",True
3571,River Cauvery U/S Of Kr Nagar,River,KARNATAKA,2022,Unsafe,3.078,Fecal Coliform,24.5,6.8,8.15,242.5,1.9,1.8,116.0,915.0,,12.9730088,77.5804711,"nagar, Karnataka, India",True
3573,River Cauvery D/S Of Kushalanagar Town,River,KARNATAKA,2022,Safe,0.0,,23.0,6.9,7.75,116.5,1.65,0.96,35.0,280.0,,13.1016788,77.5756532,"town, Karnataka, India",True
3576,River Cauvery At Water Supply Intake Point To Mysore,River,KARNATAKA,2022,Unsafe,1.843,"BOD, Fecal Coliform",23.0,6.6,8.25,303.5,2.15,1.77,66.0,760.0,,12.3051828,76.6553609,"mysore, Karnataka, India",True
3578,River Cauvery D/S Of Maddur Water Supply Treatment Plant At Bachalli,River,KARNATAKA,2022,Unsafe,3.286,Fecal Coliform,23.0,6.6,8.0,339.5,2.0,1.63,130.5,865.0,,12.6720777,75.7562095,"bachalli, Karnataka, India",True
3579,River Cauvery At Water Supply Intake Point At Kollegala Dasanapura,River,KARNATAKA,2022,Unsafe,3.952,"BOD, Fecal Coliform",25.0,6.55,8.15,344.0,2.15,2.03,190.0,1250.0,,12.7467724,77.7742876,"dasanapura, Karnataka, India",True
3581,River Cauvery At Water Supply Intake Point At Tore Kadana Halli,River,KARNATAKA,2022,Unsafe,3.124,Fecal Coliform,23.5,6.75,8.25,352.0,2.0,1.9,119.0,785.0,,17.8401056,76.8684901,"halli, Karnataka, India",True
4109,River Cauvery Before Confluence At Sangam,River,KARNATAKA,2022,Unsafe,8.263,"DO, BOD, Fecal Coliform",25.0,5.3,7.65,480.0,5.5,2.15,3961.5,46120.0,,13.0059246,77.5789838,"sangam, Karnataka, India",True
30052,River Cauvery At Ajjibore (Bangalore),River,KARNATAKA,2022,Unsafe,7.6,Fecal Coliform,25.0,7.95,8.45,478.0,,0.62,13100.0,21100.0,,12.9767936,77.590082,"bangalore, Karnataka, India",True
4099,"River Cauvery D/S Bharachuki Falls, Sathegala, Kollegala",River,KARNATAKA,2022,Unsafe,3.229,"BOD, Fecal Coliform",25.5,6.8,8.05,352.5,2.15,2.02,121.0,1120.0,,12.170079,77.1462741,"kollegala, Karnataka, India",True
4102,River Cauvery D/S At Bhagamandala Bridge,River,KARNATAKA,2022,Safe,0.0,,21.5,7.05,7.6,65.5,1.35,0.56,30.0,225.0,,12.3813118,75.5157832,"cauvery bhagamandala, Karnataka, India",True
4103,"River Cauvery D/S At Kanive Ramalingeswara Temple Bridge, Kushalanagar",River,KARNATAKA,2022,Safe,0.0,,22.5,7.05,7.85,120.0,1.6,0.68,34.5,285.0,,12.4585525,75.961437,"kushalanagar, Karnataka, India",True
1893,"River Yagachi Near Pumping Station, Hassan City",River,KARNATAKA,2022,Unsafe,3.955,"BOD, Fecal Coliform",25.0,6.4,7.6,425.0,2.05,,182.0,1310.0,12.5,13.0222347,77.5671832,"city, Karnataka, India",True
1199,River Hemavathi At D/S Of Holenarasipura Town At Ramadev Weir,River,KARNATAKA,2022,Unsafe,2.444,Fecal Coliform,25.0,7.0,7.5,198.0,1.9,,82.5,645.0,,13.4143896,74.7645804,"weir, Karnataka, India",True
1166,"River Shimsha At D/S Of Bridge, Halagur",River,KARNATAKA,2022,Unsafe,5.614,"BOD, Fecal Coliform",24.0,6.1,8.25,489.5,3.4,2.25,255.0,1750.0,,,,,False
1200,"River Shimsha At D/S Of Highway Bridge, Yediyur",River,KARNATAKA,2022,Unsafe,8.303,"DO, BOD, Fecal Coliform",25.0,5.2,7.2,480.0,7.0,2.81,4865.0,31600.0,1757.0,13.1312237,77.6957681,"yediyur, Karnataka, India",True
3567,River Shimsha D/S Near Madduar Town,River,KARNATAKA,2022,Unsafe,5.094,"BOD, Fecal Coliform",24.0,6.2,8.3,519.0,3.25,2.53,261.5,1750.0,,13.1016788,77.5756532,"town, Karnataka, India",True
3580,River Shimsha At Water Supply Intake Point At Shivansamudra,River,KARNATAKA,2022,Unsafe,2.988,Fecal Coliform,23.5,6.8,8.2,345.0,2.0,1.865,110.5,915.0,,,,,False
1165,River Arkavathi At D/S Of Kanakapura,River,KARNATAKA,2022,Unsafe,8.487,"DO, BOD, Fecal Coliform",25.0,3.7,7.2,966.0,25.0,9.93,4305.0,80460.0,2706.5,12.5450268,77.4199095,"kanakapura, Karnataka, India",True
4108,River Akravathi Before Confluence At Sangam,River,KARNATAKA,2022,Unsafe,8.353,"DO, BOD, Fecal Coliform",25.0,4.5,7.8,893.0,8.0,5.55,3510.5,46085.0,,13.0059246,77.5789838,"sangam, Karnataka, India",True
41,River Kabini At Cause Way Sattur,River,KARNATAKA,2022,Unsafe,3.647,"BOD, Fecal Coliform",26.5,6.4,7.9,327.5,2.25,1.77,150.5,950.0,,15.4105056,75.0456504,"sattur, Karnataka, India",True
1197,River Kabini At Saragur Village D/S,River,KARNATAKA,2022,Unsafe,3.07,Fecal Coliform,24.5,6.65,8.1,239.0,2.0,1.655,115.5,1050.0,,12.9305838,77.6920571,"village, Karnataka, India",True
1445,River Kabini At Water Intake Of Kiadb At Nanjangud,River,KARNATAKA,2022,Unsafe,4.018,"BOD, Fecal Coliform",25.5,6.45,7.95,281.0,2.2,1.53,195.5,1390.0,,12.1220681,76.6843409,"nanjangud, Karnataka, India",True
2775,"River Kabini At Bathing Ghat, Nanjanagud",River,KARNATAKA,2022,Unsafe,4.897,"DO, BOD, Fecal Coliform",25.5,5.8,8.0,309.5,3.2,1.53,210.5,1220.0,,,,"kabini bathing ghat nanjanagud, Karnataka, India",False
3575,River Kabini U/S Intake Point To Nanjanagud & Gundlupet At Debur,River,KARNATAKA,2022,Unsafe,3.307,"BOD, Fecal Coliform",26.5,6.45,8.1,255.0,2.15,2.3,126.5,1000.0,,,,"kabini to nanjanagud & gundlupet debur, Karnataka, India",False
3577,River Kabini At Water Supply Intake Point To T. Narasipura,River,KARNATAKA,2022,Unsafe,4.756,"BOD, Fecal Coliform",26.0,6.0,8.2,358.5,3.0,1.78,250.0,1600.0,,13.2702874,77.2346786,"narasipura, Karnataka, India",True
1196,River Lakshmantirtha At D/S Of Hunsur Town,River,KARNATAKA,2022,Unsafe,7.869,"DO, BOD, Fecal Coliform",27.0,5.6,7.9,549.5,4.0,2.53,420.0,2250.0,,13.1016788,77.5756532,"town, Karnataka, India",True
2772,River Lakshmantirtha At D/S Of Kattemalavadi,River,KARNATAKA,2022,Unsafe,7.915,"DO, BOD, Fecal Coliform",25.0,5.5,7.9,543.5,4.1,3.25,500.0,2450.0,,12.3518289,76.2890432,"kattemalavadi, Karnataka, India",True
3572,River Lakshmantirtha At Water Supply Intake Point To Hunsur Town,River,KARNATAKA,2022,Unsafe,6.567,"DO, BOD, Fecal Coliform",25.5,5.75,7.45,543.5,3.65,2.4,315.0,2050.0,,13.1016788,77.5756532,"town, Karnataka, India",True
